id,nome,nascimento,falecimento,nacionalidade,naturalidade,altura,peso,posicao,pe_preferido,aposentado
1,Renato Acasio de Morais,1947-03-01,,Brasil,Caruaru (PE),0,0,Goleiro,,1
2,Roberto Pinto da Luz,1953-06-19,,Brasil,Salvador (BA),0,0,Defensor,,1
3,Ismael Moreira Braga,1945-05-18,,Brasil,Rio de Janeiro (RJ),0,0,Defensor (Lateral Direito),Destro,1
4,Eronildes de Souza,1945-04-11,,Brasil,Santo Amaro da Purificação (BA),0,0,Defensor (Zagueiro),,1
5,José Otto Pinto Guimarães,1940-01-00,,Brasil,,0,0,Defensor,,1
6,Eliseu Antonio Vinagre Ferreira de Godoy,1945-10-17,,Brasil,Santos,0,0,Meia (Meia Ofensivo),Destro,1
7,Leonardo Augusto Caldeira,1946-09-15,Falecido - 2019-09-24 (73 anos),Brasil,,0,0,Atacante (Ponta Esquerda),Destro,1
8,João Carlos Rodrigues Barreto Amorim,1940-11-07,,Brasil,,0,0,Meia,,1
9,Edvaldo dos Santos,1949-07-07,,Brasil,São Francisco do Conde (BA),0,0,Meia,,1
10,Carlos Alberto Gonçalves,1939-11-10,Falecido - 2005-03-09 (65 anos),Brasil,Salvador (BA),0,0,Atacante,,1
11,Ademir de Oliveira,1950-01-23,,Brasil,Salvador (BA),0,0,Atacante,,1
12,Ibraim Carlos Novoa dos Santos,1950-01-14,Falecido - 2008-10-08 (58 anos),Brasil,Santos (SP),0,0,Meia (Meia Ofensivo),,1
13,Emerson Marçal,1944-10-11,,Brasil,Lucelia (SP),0,0,Defensor (Zagueiro),,1
14,José Manuel Ramos Delgado,1935-08-26,Falecido - 2010-12-03 (75 anos),Argentina,Quilmes,181,78,Defensor,,1
15,Luiz Paes Leme,1945-01-24,,Brasil,,0,0,Defensor,,1
16,Orlando Pereira,1949-01-22,Falecido - 1999-09-04 (50 anos),Brasil,Santos,0,0,Defensor (Lateral Direito),,1
17,Oscar Sales Bueno Filho,1947-07-13,,Brasil,Campinas (SP),0,0,Meia (Meia Ofensivo),Destro,1
18,Clodoaldo Tavares Santana,1949-09-25,,Brasil,Aracaju (SE),174,69,Meia (Volante) / Meia (Meia Ofensivo),Destro,1
19,Jáder da Silva Gonçalves,1950-07-14,Falecido - 1999-03-17 (48 anos),Brasil,Arroio Grande (RS),0,0,Atacante (Ponta Direita),Destro,1
20,Edson Arantes do Nascimento,1940-10-23,Falecido - 2022-12-29 (82 anos),Brasil,Três Corações (MG),173,66,Atacante (2º Atacante),Ambidestro,1
21,Alvimar Eustáquio de Oliveira,1948-02-20,,Brasil,Belo Horizonte (MG),0,0,Atacante (Centroavante),,1
22,Jonas Eduardo Américo,1949-08-06,,Brasil,Campinas - SP,0,0,Atacante,Canhoto,1
23,Adilson Ribeiro da Silva,1948-04-16,Falecido - 2022-10-07 (74 anos),Brasil,Rio de Janeiro (RJ),0,0,Atacante,,1
24,David Benedito Magalhaes,1944-06-14,,Brasil,Campinas (SP),169,66,Atacante,,1
25,Renato Cunha Valle,1944-12-05,,Brasil,Rio de Janeiro,180,72,Goleiro,Destro,1
26,José Maria Penna,1948-12-27,Falecido,Brasil,São Bernardo do Campo (SP),0,0,Defensor (Lateral Direito),,1
27,Vantuir Galdino Ramos,1949-11-16,,Brasil,Belo Horizonte (MG),181,78,Defensor (Zagueiro),Destro,1
28,Oldair Barchi,1939-07-01,Falecido - 2014-10-31 (75 anos),Brasil,São Paulo (SP),173,73,Defensor (Lateral Esquerdo),,1
29,Onormandes Souza Lima,1945-09-11,,Brasil,,0,0,Defensor,,1
30,Humberto da Silva Ramos,1949-08-25,,Brasil,Belo Horizonte (MG),173,68,Meia (Meia Central),Canhoto,1
31,Wanderley Paiva Monteiro,1946-04-07,Falecido - 2023-11-27 (77 anos),Brasil,Três Corações (MG),176,0,Meia (Volante),,1
32,Raimundo José Correa,1950-01-02,,Brasil,Iguatama (MG),0,0,Meia,Canhoto,1
33,Ronaldo Gonçalves Drummond,1946-08-21,Falecido - 2020-06-09 (73 anos),Brasil,Belo Horizonte (MG),175,69,Atacante (Ponta Direita),Destro,1
34,Dario José dos Santos,1946-03-04,,Brasil,Rio de Janeiro (RJ),185,75,Atacante (Centroavante),Destro,1
35,Sebastião Rocha,1941-09-14,Falecido - 1984-04-12 (42 anos),Brasil,Rio de Janeiro (RJ),170,60,Atacante,,1
36,Antônio Carlos Venceslau,1942-02-06,,Brasil,Uberlândia (MG),0,0,Goleiro,,1
37,Osvaldo Domingues da Cunha,1943-04-22,Falecido - 2024-02-27 (80 anos),Brasil,Pedreira (SP),0,0,Defensor (Lateral Direito),Destro,1
38,Cláudio Antônio do Nascimento,1952-07-18,,Brasil,Belo Horizonte (MG),0,0,Defensor (Lateral Esquerdo) (Lateral Direito),Canhoto,1
39,Mihajlo Schingiriy,1946-02-12,,Alemanha,Frankfurt,0,0,Defensor,,1
40,Vander Martins,1945-05-05,,Brasil,,0,0,Defensor,,1
41,Amauri Alves Horta,1942-08-21,,Brasil,,0,0,Meia,,1
42,Dirceu Alves Ferreira,1944-08-16,,Brasil,Araxá (MG),0,0,Meia (Volante),,1
43,Pedro Omar Machado,1948-06-09,,Brasil,Castelo (ES),0,0,Meia (Volante),,1
44,Jair Félix da Silva,1943-05-10,Falecido - 2022-12-27 (79 anos),Brasil,,0,0,Atacante (Centroavante),,1
45,Hélio dos Santos,1942-12-13,,Brasil,,0,0,Meia,,1
46,Hilton José de Oliveira,1940-09-30,Falecido - 2006-03-03 (65 anos),Brasil,Belo Horizonte,0,0,Atacante,,1
47,Augusto Clemente Neto,1947-10-22,,Brasil,Juiz de Fora (MG),0,0,Meia (Volante),,1
48,Jurandir Dario Gouveia Damasceno dos Santos,1944-04-05,Falecido - 2021-10-09 (77 anos),Brasil,Paracatu (MG),0,0,Atacante (Ponta Direita),Canhoto,1
49,Ubirajara Gonçalves Motta,1936-04-04,Falecido,Brasil,"Rio de Janeiro, RJ",174,0,Goleiro,,1
50,Waltencir Pereira Senra,1946-11-11,Falecido - 1978-09-17 (31 anos),Brasil,Juiz de Fora (MG),190,0,Defensor (Lateral Direito) / Defensor (Zagueiro),Destro,1
51,Jorge Osmar Guarnelli,1952-02-18,,Brasil,Rio de Janeiro (RJ),186,77,Defensor (Zagueiro),,1
52,Hércules Brito Ruas,1939-08-09,,Brasil,Rio de Janeiro (RJ),182,81,Defensor (Zagueiro),Destro,1
53,Maurício Pereira Barros,1944-02-04,,Brasil,,0,0,Defensor (Lateral Direito),,1
54,Roberto Lopes Miranda,1944-07-31,,Brasil,São Gonçalo (RJ),172,68,Atacante (Centroavante),Destro,1
55,Nei da Conceição Moreira,1946-12-08,,Brasil,São João de Meriti (RJ),0,0,Meia,,1
56,Carlos Roberto de Carvalho,1948-05-10,,Brasil,Rio de Janeiro (RJ),0,0,Meia,,1
57,Walter Machado Silva,1940-01-02,Falecido - 2020-09-29 (80 anos),Brasil,Ribeirão Preto (SP),173,72,Atacante (Centroavante),Destro,1
58,Paulo César Lima,1949-06-16,,Brasil,Rio de Janeiro (RJ),175,75,Atacante (Ponta Esquerda) / Meia (Meia Esquerda),Canhoto,1
59,José Márcio Pereira da Silva,1948-11-17,,Brasil,Leopoldina (MG),173,0,Atacante (Ponta Direita),Canhoto,1
60,Alberto Silveira,1937-12-22,Falecido - 2012-01-16 (74 anos),Brasil,,0,0,Goleiro,,1
61,Dejair Barbosa,1943-04-29,,Brasil,Bage (RS),0,0,Defensor (Lateral Direito),,1
62,José Carlos Pereira,1947-08-09,,Brasil,São Gonçalo (RJ),0,0,Defensor (Lateral Esquerdo) / Meia (Volante),Canhoto,1
63,Aldeci Ramos Teixeira,1946-11-05,,Brasil,Campos dos Goytacazes (RJ),0,0,Defensor (Zagueiro),,1
64,Sebastião Carlos da Silva,1946-07-09,,Brasil,Rio de Janeiro (RJ),0,0,Defensor (Zagueiro),,1
65,Ivan Manoel de Oliveira,1945-03-15,,Brasil,Joinville,0,0,Meia (Volante),,1
66,Gilberto Nogueira Ramos,1948-07-21,,Brasil,Porto Alegre (RS),0,0,Meia,,1
67,Antônio Carlos Alves Carneiro,1949-04-28,,Brasil,Rio de Janeiro (RJ),164,62,Meia,,1
68,Eduardo Antunes Coimbra,1947-02-05,,Brasil,Rio de Janeiro,0,0,Meia,,1
69,José Tarciso de Souza,1951-09-15,Falecido - 2018-12-05 (67 anos),Brasil,São Geraldo (MG),177,72,Atacante (Ponta Direita) / Atacante (Centroavante),Destro,1
70,Sérgio da Silva Lima,1952-03-27,,Brasil,Rio de Janeiro (RJ),0,0,Atacante,,1
71,Luiz Cláudio,1946-04-17,,Brasil,Itabirito (MG),0,0,Defensor (Lateral Direito),Destro,1
72,Roberto Carlos Lourenço da Silva,1951-09-16,,Brasil,,0,0,Atacante,,1
73,Jorge Aparecido Bonfim,1949-11-11,,Brasil,Rio de Janeiro (RJ),0,0,Atacante,,1
74,Gilberto Geraldo de Moraes,1943-01-14,,Brasil,,0,0,Goleiro,,1
75,Antonino Tavares,1944-05-10,,Brasil,Natal (RN),0,0,Defensor,,1
76,Rivaldo Cavalcanti Silva,1947-08-15,,Brasil,Recife (PE),0,0,Defensor (Zagueiro),,1
77,José Paes Cabral,1948-01-01,,Brasil,Recife (PE),0,0,Defensor (Zagueiro) / Defensor (Lateral Esquerdo),Canhoto,1
78,Genival Costa de Barros Lima,1943-05-11,,Brasil,Recife (PE),0,0,Defensor,,1
79,Walter da Silva Lessa,1941-09-26,,Brasil,Rio de Janeiro (RJ),0,0,Meia,,1
80,Luciano Jorge Veloso,1948-09-13,,Brasil,Pesqueira (PE),0,0,Meia,,1
81,Givanildo José de Oliveira,1948-08-08,,Brasil,Olinda (PE),0,0,Meia,,1
82,Ramon da Silva Ramos,1950-03-12,,Brasil,Sirinhaém (PE),0,0,Atacante (Centroavante) / Atacante (Ponta Esquerda),Canhoto,1
83,João José Venceslau dos Santos,1947-10-13,,Brasil,,0,0,Atacante,,1
84,Fernando José de Santana,1947-12-25,,Brasil,,0,0,Atacante,,1
85,Eduardo Roberto Stinghen,1946-07-04,,Brasil,Jaragua do Sul (SC),186,86,Goleiro,Destro,1
86,Luís Carlos Galter,1947-10-17,Falecido - 2025-03-07 (77 anos),Brasil,São Paulo,0,0,Defensor (Zagueiro),,1
87,Pedro José Nepomuceno Cunha,1945-12-10,,Brasil,Realengo - Rio de Janeiro,0,0,Defensor (Lateral Esquerdo) / Defensor (Zagueiro),,1
88,José Guilherme Baldochi,1946-03-14,,Brasil,Batatais,189,0,Defensor (Zagueiro),Destro,1
89,Deoclécio Manoel de Miranda,1947-09-08,Falecido - 2022-07-25 (74 anos),Brasil,,0,0,Defensor (Lateral Direito),Destro,1
90,Sebastião Carlos da Silva,1948-09-16,,Brasil,Santa Leopoldina (ES),0,0,Meia (Volante),Destro,1
91,Roberto Rivellino,1946-01-01,,Brasil,São Paulo (SP),173,73,Meia (Meia Ofensivo) / Atacante (Ponta Esquerda),Canhoto,1
92,Adão Ambrósio,1951-10-17,Falecido - 2011-06-12 (59 anos),Brasil,São Paulo (SP),0,0,Meia (Meia Esquerda),Destro,1
93,Wagno De Freitas,1950-02-11,,Brasil,Sete Lagoas (MG),0,0,Atacante (Ponta Direita),Destro,1
94,Sebastião Miranda da Silva Filho,1952-02-26,,Brasil,Bebedouro (SP),179,75,Atacante (Centroavante),,1
95,Aladim Luciano,1946-10-10,,Brasil,Barra Mansa (RJ),171,69,Atacante (Ponta Esquerda),Canhoto,1
96,Lourival Prudêncio Carvalho,1945-01-31,,Brasil,Barretos (SP),0,0,Meia (Volante),,1
97,Eidnilson José Torres Alves,1943-09-04,,Brasil,Recife (PE),0,0,Meia,Destro,1
98,Juan Miguel Pérez,1938-07-05,Falecido - 2014-12-09 (76 anos),Paraguai,,0,0,Goleiro,,1
99,Walter Oliveira das Neves,1941-09-17,,Brasil,São Paulo (SP),0,0,Defensor (Lateral Direito),,1
100,Altair Gomes de Figueiredo,1938-01-22,Falecido - 2019-08-09 (81 anos),Brasil,Niterói (RJ),173,59,Defensor (Lateral Esquerdo) / Defensor (Zagueiro),Canhoto,1
101,Milton Bezerra das Chagas Filho,1952-10-09,,Brasil,Carnaíba,182,78,Defensor (Zagueiro) / Meia (Volante),,1
102,Antonio de Arruda Fraga,1945-11-15,Falecido - 2008-09-10 (62 anos),Brasil,,0,0,Defensor (Zagueiro),,1
103,Gilson dos Santos Costa,1943-06-21,,Brasil,Recife (PE),0,0,Defensor (Zagueiro),,1
104,Erico de Paula Coelho Filho,1944-09-08,Falecido - 2014-10-28 (70 anos),Brasil,Jaboatão dos Guararapes (PE),0,0,Meia (Volante) (Meia Central),,1
105,Carlos Cidreira,1943-09-26,,Brasil,,0,0,Meia,,1
106,César Correia Rebelo,1944-02-21,,Brasil,Parnaíba (PE),0,0,Atacante,,1
107,Denis D´Ugo,1948-04-24,,Brasil,,0,0,Atacante,Destro,1
108,José Francisco Leandro Filho,1947-08-04,Falecido - 2021-07-11 (73 anos),Brasil,Maceió,0,0,Atacante (Ponta Direita) / Atacante (Centroavante),Destro,1
109,Ubirajara da Silva Alcântara,1946-02-27,,Brasil,Rio de Janeiro (RJ),0,0,Goleiro,Destro,1
110,Frederico Rodrigues de Oliveira,1949-04-04,Falecido - 2022-05-29 (73 anos),Brasil,Rio de Janeiro,179,78,Defensor,Ambidestro,1
111,Paulo Murilo Frederico Ferreira,1939-04-30,,Brasil,,0,0,Defensor (Lateral Direito),Destro,1
112,José Jorge Fabiano,1948-09-25,,Brasil,Cachoeiro do Itapemirim (ES),0,0,Defensor (Lateral Esquerdo),Canhoto,1
113,José Rodrigues Neto,1949-12-06,Falecido - 2019-04-29 (69 anos),Brasil,Galileia (MG),168,67,Meia (Meia Ofensivo) / Defensor (Lateral Esquerdo),Canhoto,1
114,Francisco Santiago Reyes Villalba,1941-07-04,Falecido - 1976-07-31 (35 anos),Paraguai,Asunción,175,72,Meia (Zagueiro) / Meia (Volante),Canhoto,1
115,José Eduardo de Castro,1948-10-29,,Brasil,Salvador (BA),180,72,Meia (Meia Ofensivo) / Atacante (Centroavante),,1
116,Arthur Antunes Coimbra,1953-03-03,,Brasil,Rio de Janeiro (RJ),172,65,Meia (Meia Ofensivo),Destro,1
117,João Crevelin,1944-06-15,Falecido - 2013-11-01 (69 anos),Brasil,,0,0,Meia,Canhoto,1
118,Rogério Hetmanek,1948-08-02,,Brasil,Rio de Janeiro (RJ),0,0,Atacante (Ponta Direita),Destro,1
119,João Batista de Sales,1945-01-19,,Brasil,Conselheiro Pena (MG),0,0,Atacante (Centroavante),,1
120,Newton Gomes da Silva,1951-12-25,,Brasil,Recife (PE),0,0,Defensor (Lateral Direito),,1
121,Draílton José Lopes,1949-09-18,,Brasil,Recife (PE),0,0,Meia (Volante),,1
122,Francisco de Jesus Fernandes,1946-08-21,Falecido - 2010-04-14 (63 anos),Brasil,Rio de Janeiro (RJ),0,0,Defensor (Zagueiro),Destro,1
123,João Bosco dos Santos,1946-01-31,,Brasil,Vespasiano (MG),168,69,Atacante (Ponta Direita) / Meia (Meia Direita),Destro,1
124,Sérgio Vágner Valentim,1945-05-22,,Brasil,Chavantes (SP),0,0,Goleiro,,1
125,Édson de Souza Barbosa,1943-06-20,Falecido - 2015-07-17 (72 anos),Brasil,Rio de Janeiro-RJ,0,0,Meia (Volante) / Defensor (Lateral Esquerdo),,1
126,Jurandir de Freitas,1940-11-12,Falecido - 1996-03-06 (55 anos),Brasil,Marília (SP),190,87,Defensor (Zagueiro),Destro,1
127,Gilberto Ferreira da Silva,1951-09-18,,Brasil,São Paulo (SP),0,0,Defensor (Lateral Esquerdo),Canhoto,1
128,Valdir Izaú Pereira,1941-10-18,Falecido - 1996-03-12 (54 anos),Brasil,Criciúma-SC,0,0,Defensor (Lateral Esquerdo),Canhoto,1
129,Paulo Nani da Silva,1950-02-08,,Brasil,São Paulo (SP),0,0,Meia (Meia Direita) / Atacante (Ponta Direita),Destro,1
130,Gérson de Oliveira Nunes,1941-01-11,,Brasil,Niterói (RJ),172,69,Meia (Meia Central) / Meia (Meia Ofensivo),Canhoto,1
131,Pedro Virgílio Rocha Franchetti,1942-12-03,Falecido - 2013-12-02 (70 anos),Uruguai,Salto,181,78,Meia (Meia Ofensivo),Destro,1
132,Tertuliano Severiano dos Santos,1946-12-29,Falecido - 2024-04-09 (77 anos),Brasil,Recife (PE),0,0,Atacante (Ponta Direita),Destro,1
133,Antônio Zelenkov Silvestre,1949-04-29,,Brasil,Regente Feijó (SP),0,0,Atacante (Centroavante),Destro,1
134,Ademir de Barros,1942-03-21,,Brasil,Cambará (PR),173,71,Atacante (Ponta Esquerda),Canhoto,1
135,Jair Eraldo dos Santos,1946-08-15,,Brasil,Novo Hamburgo (RS),172,0,Goleiro,,1
136,Valdir Ataualpa Ramires Espinosa,1947-10-17,Falecido - 2020-02-27 (72 anos),Brasil,Porto Alegre (RS),0,0,Defensor (Lateral Direito),Destro,1
137,Ari Ercílio Barbosa,1941-08-18,Falecido - 1972-11-18 (31 anos),Brasil,Porto Alegre (RS),0,0,Defensor (Zagueiro),Canhoto,1
138,Mauro Pinto,1948-02-26,,Brasil,Rio Pardo,0,0,Defensor,Canhoto,1
139,Everaldo Marques da Silva,1944-09-11,Falecido - 1974-10-27 (30 anos),Brasil,Porto Alegre (RS),171,68,Defensor (Lateral Esquerdo) / Meia (Meia Esquerda),Canhoto,1
140,Jadir Garcia Rodrigues,1940-07-21,Falecido - 1992-12-04 (52 anos),Brasil,Santana do Livramento (RS),0,0,Meia,Destro,1
141,Luiz Carlos Fioravante Goulart,1946-06-21,Falecido - 2013-07-30 (67 anos),Brasil,Porto Alegre (RS),0,0,Meia,,1
142,Vitorino Lopes Garcia,1948-11-01,Falecido,Brasil,Pelotas (RS),0,0,Meia,,1
143,Loivo Ivan Johann,1945-01-24,,Brasil,Brochier (RS),0,0,Atacante (Ponta Esquerda),Canhoto,1
144,Néstor Leonel Scotta,1948-04-07,Falecido - 2001-00-08 (52 anos),Argentina,San Justo,0,0,Atacante,Ambidestro,1
145,Gilberto Alves de Souza,1946-12-31,Falecido - 2022-02-23 (75 anos),Brasil,Porto Alegre,0,0,Atacante (Ponta Direita),Destro,1
146,Pablo Justo Forlán Lamarque,1945-07-14,,Uruguai,Soriano,185,79,Defensor (Lateral Direito),Destro,1
147,Everaldo Ferreira Lima,1949-06-11,Falecido - 2001-01-20 (51 anos),Brasil,Catende (PE),0,0,Atacante (Ponta Direita),Destro,1
148,Francisco de Jesus Fernandes,1946-08-21,Falecido - 2010-04-14 (63 anos),Brasil,Rio de Janeiro (RJ),0,0,Defensor (Zagueiro),Destro,1
149,Carlos Manuel Rodríguez,1944-01-31,,Argentina,Buenos Aires,0,0,Meia (Volante),,1
150,Carlos Gainete Filho,1940-11-25,,Brasil,Florianópolis,0,0,Goleiro,,1
151,Manuel Édson Ferreira,1944-05-29,,Brasil,Rio de Janeiro (RJ),0,0,Defensor (Zagueiro),Destro,1
152,Hermes Rianelli,1942-10-20,Falecido - 1988-09-12 (45 anos),Brasil,,0,0,Defensor (Zagueiro),,1
153,Bibiano Pontes,1947-06-11,,Brasil,,0,0,Defensor (Zagueiro),,1
154,Jorge Antonio Sundin de Andrade,1942-04-23,Falecido - 2015-10-07 (73 anos),Brasil,Porto Alegre,0,0,Defensor (Lateral Esquerdo),,1
155,José Luiz Carbone,1946-03-22,Falecido - 2020-12-27 (74 anos),Brasil,São Paulo (SP),0,0,Meia (Volante),,1
156,Bráulio Barbosa de Lima,1948-08-04,,Brasil,Porto Alegre (RS),174,67,Meia,,1
157,Tovar Romariz Machado,1948-07-27,,Brasil,Bagé-RS,0,0,Meia,,1
158,Valdomiro Vaz Franco,1946-02-17,,Brasil,Criciúma (SC),176,70,Atacante (Ponta Direita),Destro,1
159,Land de Souza Franca,1946-06-15,,Brasil,,0,0,Atacante,,1
160,Claudiomiro Estrais Ferreira,1950-04-03,Falecido - 2018-08-24 (68 anos),Brasil,Porto Alegre (RS),170,76,Atacante (Centroavante),,1
161,Jorge Vitório Cusielo,1945-05-07,,Brasil,Volta Redonda,0,0,Goleiro,,1
162,Antônio Dias dos Santos,1948-07-26,Falecido - 1999-12-08 (51 anos),Brasil,Vera Cruz (BA),176,63,Defensor (Lateral Direito) / Atacante (Ponta Direita),Destro,1
163,Raimundo Evandro da Silva Oliveira,1944-03-04,Falecido - 2000-01-12 (55 anos),Brasil,Belém (PA),0,0,Defensor (Lateral Direito),Destro,1
164,Sildes de Souza Póvoas,1946-07-02,,Brasil,Itaguaí (RJ),0,0,Defensor (Zagueiro),,1
165,Francisco de Assis Luz e Silva,1943-10-04,Falecido - 2020-09-09 (76 anos),Brasil,Ananindeua (PA),0,0,Defensor (Lateral Esquerdo),,1
166,Ivair Ferreira,1945-01-27,Falecido - 2024-08-15 (79 anos),Brasil,Bauru (SP),0,0,Meia,Destro,1
167,Wilton Cezar Xavier,1947-10-13,Falecido - 2009-12-12 (62 anos),Brasil,Belo Horizonte (MG),0,0,Meia (Meia Ofensivo) / Atacante (Ponta Direita),Destro,1
168,Denilson Custodio Machado,1943-03-28,Falecido - 2024-10-01 (81 anos),Brasil,Campos dos Goytacazes (RJ),180,75,Meia (Meia Ofensivo) / Meia (Meia Central),Destro,1
169,Adir Cid Rodrigues,1950-08-27,,Brasil,Campos (RJ),0,0,Meia,,1
170,Luís Ribeiro Pinto Neto,1946-11-16,Falecido - 2022-02-11 (75 anos),Brasil,Arcoverde (PE),170,0,Atacante (Ponta Esquerda),,1
171,Cláudio Galbo Garcia,1943-09-10,,Brasil,,0,0,Atacante,,1
172,Oldorelino Nunes Leal,1946-06-25,,Brasil,,0,0,Meia (Meia Esquerda),Canhoto,1
173,Adalberto Kretzer,1948-03-19,Falecido - 2024-08-24 (76 anos),Brasil,Presidente Getúlio (SC),181,0,Atacante (Centroavante),,1
174,Emerson Leão,1949-07-11,,Brasil,Ribeirão Preto (SP),182,0,Goleiro,Destro,1
175,Nélson Alves Moreno,1940-03-07,Falecido - 2004-09-22 (64 anos),Brasil,São Paulo (SP),0,0,Defensor (Zagueiro),,1
176,Luis Edmundo Pereira,1949-06-21,,Brasil,Juazeiro (BA),181,0,Defensor (Zagueiro),Destro,1
177,Eurico Pedro de Faria,1948-04-03,,Brasil,Uberlândia (MG),0,0,Defensor (Lateral Direito),Destro,1
178,Ademar José Ribeiro,1940-02-18,Falecido - 1992-04-12 (52 anos),Brasil,Guariba (SP),0,0,Defensor,,1
179,Olegário Tolói de Oliveira,1939-11-07,Falecido - 2024-06-28 (84 anos),Brasil,Araraquara (SP),172,63,Meia (Volante),,1
180,Ademir da Guia,1942-04-03,,Brasil,Rio de Janeiro (RJ),180,74,Meia (Meia Ofensivo),Ambidestro,1
181,César Augusto da Silva Lemos,1945-05-17,,Brasil,Niterói (RJ),179,73,Atacante (Centroavante),Destro,1
182,Osmar Alberto Volpe,1944-11-15,,Brasil,Araraquara,0,0,Atacante,,1
183,João Leiva Campos Filho,1949-09-11,,Brasil,Novo Horizonte,175,0,Atacante (2º Atacante) / Atacante (Ponta Direita),Destro,1
184,Carlos Eduardo da Silva,1948-10-25,,Brasil,São Paulo,0,0,Atacante (Ponta Direita),Destro,1
185,Orlando Alves Ferreira,1940-07-25,Falecido - 2007-07-19 (66 anos),Brasil,Rio de Janeiro (RJ),0,0,Goleiro,,1
186,Carlos Antonio Arenghi,1951-06-13,Falecido - 1993-12-14 (42 anos),Brasil,Amparo (SP),0,0,Defensor (Zagueiro),,1
187,Antonio Calegari,1947-04-21,,Brasil,,0,0,Defensor,,1
188,Dárcio José Massaine,1953-10-18,,Brasil,,0,0,Defensor,,1
189,Wanderley Nonato,1942-04-11,Falecido - 2021-09-13 (79 anos),Brasil,,0,0,Defensor,,1
190,João Farias Filho,1940-12-11,Falecido,Brasil,Santos (SP),0,0,Meia (Meia Direita),Destro,1
191,Heitor Martinho de Souza,1942-03-03,Falecido - 2001-02-11 (58 anos),Brasil,São Franscisco do Sul (SC),0,0,Meia,,1
192,João Roberto Basílio,1949-02-04,,Brasil,São Paulo (SP),0,0,Meia,Canhoto,1
193,Dirceu Silva Melo Correia,1949-01-09,,Brasil,Porto Alegre (RS),0,0,Atacante,,1
194,Evanivaldo Castro Silva,1948-04-28,,Brasil,Salvador da Bahia,0,0,Atacante,,1
195,Eronildes de Souza,1948-09-06,,Brasil,Guaimbé (SP),0,0,Atacante,,1
196,Héctor Jesús Silva,1940-02-01,Falecido - 2015-08-30 (75 anos),Uruguai,,176,71,Atacante,,1
197,Paulo Luis Borges,1944-12-24,Falecido - 2011-12-24 (67 anos),Brasil,Itaocara (RJ),0,0,Atacante (Ponta Direita),Destro,1
198,Maximiliano Rodrigues Lopes,1951-12-27,,Brasil,Guarujá (SP),162,0,Atacante (Ponta Direita),Destro,1
199,Irineu Finavaro,1947-07-24,,Brasil,Londrina (PR),0,0,Atacante,,1
200,Pedro da Silva Cruz,1943-06-06,,Brasil,,0,0,Goleiro,,1
201,Mauro da Silva Cruz,1949-11-15,,Brasil,,0,0,Defensor (Lateral Direito) / Defensor (Zagueiro),Destro,1
202,Carlos Alberto Félix de Lima,1949-07-02,,Brasil,Juazeiro do Norte (CE),0,0,Defensor (Lateral Direito),,1
203,José Nagel de Mello,1938-07-03,,Brasil,Recife (PE),0,0,Defensor (Zagueiro),Ambidestro,1
204,Carlindo Nina Baima,1944-05-07,,Brasil,São Luís (MA),0,0,Defensor (Lateral Esquerdo),Canhoto,1
205,Edmar Oliveira Araújo,1947-11-06,,Brasil,Fortaleza (CE),0,0,Meia (Volante),Destro,1
206,Francisco Luciano Oliveira do Nascimento,1947-11-07,,Brasil,Fortaleza (CE),0,0,Meia,,1
207,José Pinto Pereira Filho,1948-12-07,,Brasil,Fortaleza (CE),0,0,Meia,,1
208,Vítor Epanor da Costa Filho,1949-09-01,,Brasil,Rio de Janeiro (RJ),0,0,Atacante (Ponta Direita),Destro,1
209,Gildo Fernandes de Oliveira,1940-01-11,Falecido - 2016-03-09 (76 anos),Brasil,Recife (PE),0,0,Atacante (Centroavante),,1
210,João Rodrigues da Costa,1947-08-17,Falecido,Brasil,Rio de Janeiro (RJ),0,0,Atacante,,1
211,Edgardo Norberto Andrada,1939-01-02,Falecido - 2019-09-04 (80 anos),Argentina,Rosário,181,72,Goleiro,,1
212,Haroldo Cid da Silva,-,,Brasil,,0,0,Defensor (Lateral Direito),Destro,1
213,Miguel Ferreira de Almeida Pereira,1949-09-20,,Brasil,Rio de Janeiro,178,72,Defensor (Zagueiro),Destro,1
214,Paulo Cesar Barreiros,1949-05-30,,Brasil,Rio de Janeiro (RJ),0,0,Defensor (Lateral Esquerdo),Canhoto,1
215,Moisés Mathias de Andrade,1948-01-10,Falecido - 2008-08-26 (60 anos),Brasil,Resende (RJ),179,76,Defensor,Canhoto,1
216,Alcir Pinto Portela Prates,1944-05-09,Falecido - 2008-08-29 (64 anos),Brasil,Rio de Janeiro (RJ),178,75,Meia (Volante),Destro,1
217,José Geraldo Felipe,1953-05-29,,Brasil,Caratinga (MG),0,0,Meia,,1
218,Afonso Celso Garcia Reis,1947-09-03,,Brasil,Marília (SP),0,0,Meia,,1
219,Jose Alberto Bougleaux,1944-07-25,,Brasil,,0,0,Meia,,1
220,José Rodrigues dos Santos,1946-07-31,Falecido - 2015-00-00 (68 anos),Brasil,Conde (BA),0,0,Atacante (Ponta Esquerda),Canhoto,1
221,Fernando Ferretti,1949-04-26,Falecido - 2011-08-29 (62 anos),Brasil,Rio de Janeiro,188,85,Atacante,,1
222,Emanuel Carrette,1948-05-24,,Brasil,,0,0,Atacante,,1
223,Domingos Elias Alves Pedra,1948-04-16,,Brasil,Paraíba do Sul (RJ),172,68,Meia / Atacante (Ponta Esquerda),Destro,1
224,Luiz Carlos da Silva Lemos,1947-08-11,,Brasil,Santo Antonio de Pádua (RJ),0,0,Atacante (Ponta Direita),Destro,1
225,Célio Maciel dos Santos,1940-01-24,Falecido - 2019-01-15 (78 anos),Brasil,Campos Novos (SC),174,72,Goleiro,,1
226,Nélson Pescuma,1945-09-27,Falecido - 2006-10-10 (61 anos),Brasil,São Paulo (SP),192,0,Defensor (Zagueiro),,1
227,Antonio Pilotto Junior,1941-07-11,,Brasil,São Paulo (SP),0,0,Defensor (Zagueiro),,1
228,Hermes da Rocha Freitas Júnior,1947-02-16,,Brasil,Santos (SP),0,0,Defensor (Lateral Direito),Destro,1
229,Nilo Roberto Neves,1942-12-02,Falecido - 2022-06-24 (79 anos),Brasil,Porto Alegre (RS),0,0,Defensor (Lateral Esquerdo),Canhoto,1
230,Reynaldo Domingues Mendes,1948-06-14,,Brasil,Santos (SP),0,0,Meia,,1
231,Walter Ferraz de Negreiros,1946-08-06,,Brasil,,0,0,Meia (Meia Ofensivo),,1
232,Leocádio Consul,1944-10-05,,Brasil,Mafra (SC),0,0,Meia,,1
233,José Hidalgo Neto,1943-11-03,,Brasil,,0,0,Meia (Volante),,1
234,Renato Machado Pinto,1944-04-01,,Brasil,Curitiba (PR),0,0,Atacante,,1
235,Rinaldo Luís Dias Amorim,1939-02-19,Falecido - 2023-04-05 (84 anos),Brasil,Jurena (PE),0,0,Atacante (Ponta Esquerda),,1
236,Hélio Dias de Oliveira,1943-12-19,,Brasil,,0,0,Goleiro,,1
237,Manoel Caetano Silva,1940-07-07,Falecido - 1994-03-09 (53 anos),Brasil,Rio Casca (MG),0,0,Defensor (Lateral Esquerdo),,1
238,Pedro Paulo Teles Marcelino,1945-08-15,Falecido - 2008-02-14 (62 anos),Brasil,Pedro Leopoldo (MG),0,0,Defensor (Lateral Direito),Destro,1
239,Roberto Alfredo Perfumo,1942-10-03,Falecido - 2016-03-10 (73 anos),Argentina,Sarandí,179,75,Defensor,,1
240,Wilson da Silva Piazza,1943-02-25,,Brasil,Ribeirão das Neves,175,75,Meia (Volante) / Defensor (Zagueiro),Destro,1
241,Natal de Carvalho Baroni,1945-11-24,,Brasil,Belo Horizonte (MG),164,61,Meia (Meia Direita) / Atacante (Ponta Direita),Destro,1
242,Wanderley Eustáquio de Oliveira,1950-06-11,Falecido - 2023-07-17 (73 anos),Brasil,Belo Horizonte (MG),174,71,Meia (Meia Ofensivo) / Atacante (Centroavante),Destro,1
243,José Carlos Bernardo,1945-04-28,Falecido - 2018-06-12 (73 anos),Brasil,Juiz de Fora (MG),172,0,Meia (Meia Central) / Meia (Volante),,1
244,Dirceu Lopes Mendes,1946-09-03,,Brasil,Pedro Leopoldo (MG),162,60,Meia (Meia Ofensivo) / Meia (Meia Esquerda),Destro,1
245,Eduardo Teixeira Lima,1944-10-31,Falecido - 2020-08-24 (75 anos),Brasil,,0,0,Atacante,,1
246,Eduardo Gonçalves Andrade,1947-01-25,,Brasil,Belo Horizonte (MG),172,65,Atacante (2º Atacante) / Meia (Meia Ofensivo),Canhoto,1
247,Dirceu Krüger,1945-04-11,Falecido - 2019-04-25 (74 anos),Brasil,Curitiba,173,0,Atacante,Ambidestro,1
248,Paulo Roberto Vecchio,1943-01-30,Falecido - 2023-02-17 (80 anos),Brasil,Porto Alegre (RS),0,0,Atacante,,1
249,Roberto Monteiro,1949-07-24,Falecido - 1976-05-13 (26 anos),Brasil,Belo Horizonte,171,0,Atacante (Ponta Direita),Destro,1
250,Evaldo Cruz,1945-01-12,,Brasil,,0,0,Atacante,,1
251,Roberto de Oliveira,1949-06-29,,Brasil,,0,0,Meia,,1
252,Wanderley Machado da Silva,1943-11-03,Falecido - 1973-06-17 (29 anos),Brasil,São Paulo (SP),177,75,Atacante,,1
253,António Raimundo Gomes Filho,1946-09-13,,Brasil,,0,0,Atacante,Destro,1
254,Paulo Henrique Souza de Oliveira,1943-01-05,,Brasil,Macaé (RJ),173,65,Defensor (Lateral Esquerdo),Canhoto,1
255,Francisco Santiago Reyes Villalba,1941-07-04,Falecido - 1976-07-31 (35 anos),Paraguai,Asunción,175,72,Meia (Zagueiro) / Meia (Volante),Canhoto,1
256,Wilson Gomes,1946-03-13,,Brasil,Santos (SP),0,0,Meia,,1
257,Paulo César de Oliveira,1951-07-02,,Brasil,Rio de Janeiro (RJ),0,0,Atacante,,1
258,Francisco de Assis Freitas,1952-10-04,,Brasil,Laje do Murié (RJ),0,0,Atacante,,1
259,Gaspar Rodrigues Froteira,1944-05-16,,Brasil,Porto Alegre (RS),0,0,Meia,Canhoto,1
260,Severino Alonso de Lima,1944-10-21,,Brasil,Itabaiana (PB),0,0,Meia,,1
261,Artur Ribeiro do Carmo Filho,1949-12-05,,Brasil,Fortaleza (CE),0,0,Meia (Volante) / Defensor (Zagueiro),,1
262,José Alves de Oliveira,1949-12-28,,Brasil,Fortaleza (CE),0,0,Atacante,,1
263,Marco Aurélio Crisóstomo de Morais,1945-10-10,,Brasil,São Gonçalo do Amarante (CE),0,0,Atacante (Ponta Esquerda),Canhoto,1
264,Vanderlei Lázaro,1947-06-20,,Brasil,,0,0,Defensor (Lateral Esquerdo),Canhoto,1
265,Mário Peres Ulibarri,1947-03-19,Falecido - 2023-09-18 (76 anos),Brasil,Sorocaba (SP),181,0,Defensor (Zagueiro) / Defensor (Líbero),Destro,1
266,Neiriberto Camilo Gallo,1942-08-28,Falecido - 2021-03-20 (78 anos),Brasil,São Paulo (SP),0,0,Meia,,1
267,Isidoro Mendes,1951-10-01,,Brasil,São Paulo (SP),0,0,Defensor (Lateral Esquerdo) / Defensor (Zagueiro),Canhoto,1
268,Luis Americo dos Santos,1946-12-26,,Brasil,Ribeirão Pires (SP),0,0,Meia,,1
269,Eberval Vitorino da Silva,1944-01-04,,Brasil,,0,0,Defensor,Canhoto,1
270,Roberto Fontana Madeira,1947-07-09,,Brasil,Vitória (ES),0,0,Meia,,1
271,José Maria Fidélis dos Santos,1944-03-13,Falecido - 2012-11-28 (68 anos),Brasil,São José dos Campos (SP),175,74,Defensor (Lateral Direito),Destro,1
272,José Carlos Merola,1945-06-01,,Brasil,São Paulo (SP),0,0,Meia,,1
273,Mário Araújo Pinheiro Filho,1947-07-21,,Brasil,Rio de Janeiro (RJ),0,0,Defensor (Zagueiro),,1
274,Élcio Machado Rocha,1948-11-19,,Brasil,Ubá (MG),0,0,Goleiro,,1
275,Héctor Carlos Cincunegui de Los Santos,1940-07-28,Falecido - 2016-10-13 (76 anos),Uruguai,Montevideo,1,69,Defensor (Lateral Direito) / Defensor (Lateral Esquerdo),,1
276,Romeu Evangelista,1950-03-27,,Brasil,Esmeraldas (MG),177,74,Atacante (Ponta Esquerda),Canhoto,1
277,Aluisio Elias Paulino,1952-06-25,,Brasil,,0,0,Defensor (Zagueiro),Ambidestro,1
278,Luiz Cláudio,1946-04-17,,Brasil,Itabirito (MG),0,0,Defensor (Lateral Direito),Destro,1
279,Nei da Conceição Moreira,1946-12-08,,Brasil,São João de Meriti (RJ),0,0,Meia,,1
280,Oberdan Nazareno Vilain,1945-06-02,,Brasil,Florianópolis (SC),189,83,Defensor (Zagueiro),Destro,1
281,Arlindo Galvão,1948-05-08,,Brasil,Marília (SP),0,0,Defensor (Zagueiro),,1
282,Antônio Ferreira,1942-08-10,Falecido - 1990-01-26 (47 anos),Brasil,Bauru-SP,0,0,Atacante (Centroavante),Destro,1
283,Joel Mendes,1946-06-25,Falecido - 2024-12-09 (78 anos),Brasil,Campo Magro (PR),176,0,Goleiro,,1
284,José Roberto Marques,1945-05-31,Falecido - 2016-05-07 (70 anos),Brasil,Sertãozinho (SP),0,0,Atacante,,1
285,Paulo César Carpegiani,1949-02-07,,Brasil,Erechim (RS),172,71,Meia (Meia Central),Destro,1
286,Walter González,1933-00-00,,Brasil,Rio de Janeiro (RJ),0,0,Goleiro,,1
287,Ubaldo de Oliveira,1946-05-16,,Brasil,Feira de Santana (BA),0,0,Defensor (Lateral Direito),Destro,1
288,Albérico Luiz Pereira dos Santos,1946-07-04,,Brasil,Recife (PE),0,0,Defensor (Lateral Esquerdo),Canhoto,1
289,Francisco Antônio Lopes,1946-10-16,,Brasil,Pirapora - MG,0,0,Atacante,,1
290,Walfrido Campos Filho,1947-12-17,Falecido - 2020-02-05 (72 anos),Brasil,Recife (PE),0,0,Atacante (Ponta Direita),Destro,1
291,José Everaldo de Moraes,1946-08-04,,Brasil,João Pessoa (PB),0,0,Atacante (Ponta Direita),,1
292,Jaldemir Gomes Machado,1948-02-07,,Brasil,Ribeirão (PE),0,0,Atacante (Ponta Esquerda),Canhoto,1
293,João Landulpho Cardoso,1947-01-21,,Brasil,Santo Anastácio (SP),0,0,Defensor (Zagueiro),,1
294,Félix Miéli Venerando,1937-12-24,Falecido - 2012-08-24 (74 anos),Brasil,São Paulo (SP),178,72,Goleiro,Destro,1
295,João José Galhardo,1942-10-29,,Brasil,Araraquara (SP),0,0,Defensor (Zagueiro),,1
296,Marco Antônio Feliciano,1951-02-06,,Brasil,Santos (SP),185,0,Defensor (Lateral Esquerdo),Canhoto,1
297,Moacir Fernandes,1948-11-10,Falecido - 1991-08-25 (42 anos),Brasil,,0,0,Atacante (Ponta Direita),Destro,1
298,Luís Carlos Galter,1947-10-17,Falecido - 2025-03-07 (77 anos),Brasil,São Paulo,0,0,Defensor (Zagueiro),,1
299,José Luiz Ferreira Rodrigues,1946-07-06,,Brasil,Porto Alegre,0,0,Defensor (Lateral Esquerdo),Canhoto,1
300,Sebastião José Ferri,1945-01-20,,Brasil,Abatiá (PR),0,0,Atacante,,1
301,José Martins Manso,1946-07-25,,Brasil,Ribeirão do Sul (SP),0,0,Atacante,,1
302,Luiz Alberto da Costa,1953-12-01,,Brasil,Votorantim (SP),0,0,Atacante (Centroavante),,1
303,Júlio César da Boa Morte,1948-11-01,,Brasil,Curvelo (MG),0,0,Atacante,,1
304,Osmar Cardoso,1943-11-10,,Brasil,Barão de Cocais (MG),0,0,Defensor (Lateral Direito),,1
305,Sebastião Eustáquio Pereira Braga,1946-08-13,,Brasil,Belo Horizonte (MG),185,81,Atacante (Ponta Direita) / Atacante (Centroavante),Destro,1
306,Nei Oliveira,1944-07-07,,Brasil,Sorocaba (SP),0,0,Atacante,Destro,1
307,Livadir Toaldo,1937-03-08,Falecido - 2019-05-06 (82 anos),Brasil,Curitiba (PR),0,0,Defensor (Zagueiro),,1
308,Jorge da Silva Pereira,1949-04-22,,Brasil,Niteroi,170,72,Atacante,,1
309,Paulo Roberto Rodrigues Matheus,1953-04-29,Falecido - 1995-08-05 (42 anos),Brasil,Santos (SP),0,0,Atacante,,1
310,Carlos Alberto Rodrigues,1947-07-12,,Brasil,São Paulo (SP),0,0,Atacante (Ponta Esquerda) / Meia (Meia Esquerda),Destro,1
311,Juvenal Calixto Duarte,1944-03-14,,Brasil,Maranguape (CE),0,0,Defensor (Lateral Direito),,1
312,João Rômulo dos Santos,1946-09-28,,Brasil,Itapipoca (CE),0,0,Meia,,1
313,Erandy Pereira Montenegro,1946-04-24,Falecido - 2023-12-07 (77 anos),Brasil,Bananeiras (PB),0,0,Atacante,,1
314,Abel Verônico da Silva Filho,1941-10-02,,Brasil,Rio de Janeiro (RJ),0,0,Atacante (Ponta Esquerda),Canhoto,1
315,Derivaldo Domingos Barbosa,1946-11-01,Falecido,Brasil,Recife (PE),0,0,Atacante (Ponta Esquerda),Canhoto,1
316,Carlos Roberto Ferreira Cabral,1945-01-02,,Brasil,"Santos, SP",0,0,Meia,,1
317,Humberto Monteiro,1947-08-30,Falecido - 1980-03-27 (32 anos),Brasil,Cachoeiro de Itapemirim (ES),180,80,Defensor (Lateral Direito),Destro,1
318,Benedito Carlos de Souza,1944-05-13,,Brasil,,0,0,Atacante (Centroavante),Destro,1
319,César Augusto da Silva Lemos,1945-05-17,,Brasil,Niterói (RJ),179,73,Atacante (Centroavante),Destro,1
320,Valmir Louruz,1944-03-13,Falecido - 2015-04-29 (71 anos),Brasil,Porto Alegre (RS),0,0,Defensor (Zagueiro),,1
321,Arlen Ávila Gomes,1947-09-15,,Brasil,Pelotas (RS),0,0,Atacante (Ponta Direita),Destro,1
322,Paulo Luis Borges,1944-12-24,Falecido - 2011-12-24 (67 anos),Brasil,Itaocara (RJ),0,0,Atacante (Ponta Direita),Destro,1
323,Antônio Carlos Fedato,1948-11-08,Falecido - 2000-01-26 (51 anos),Brasil,São Caetano do Sul (SP),0,0,Atacante,,1
324,Mário Tadeu Ricci,1947-04-09,,Brasil,Ribeirão Preto (SP),75,181,Meia,Destro,1
325,Clóvis Moreira Rodrigues,1945-11-03,Falecido - 1996-10-01 (50 anos),Brasil,Farroupilha (RS),0,0,Atacante,,1
326,José Benedito Tobias,1949-05-13,Falecido - 2024-07-13 (75 anos),Brasil,Agudos - São Paulo,0,0,Goleiro,,1
327,Almir da Fonseca Coelho,1947-12-10,,Brasil,Nova Friburgo (RJ),0,0,Defensor (Zagueiro),,1
328,Antônio Pedro de Jesus,1947-07-26,Falecido - 2022-10-18 (75 anos),Brasil,Neves Paulista (SP),0,0,Atacante (Ponta Esquerda),Canhoto,1
329,Alan Jackson Martins,1946-11-24,,Brasil,Osasco (SP),0,0,Atacante,,1
330,Rinaldo Irineu da Silva,1947-10-24,,Brasil,,0,0,Atacante (Ponta Esquerda),Canhoto,1
331,Waldir Pereira de Souza,1951-10-14,,Brasil,Januária (MG),0,0,Meia (Volante),,1
332,Ivaldo José Machado,1942-07-08,,Brasil,Recife (PE),0,0,Defensor (Zagueiro),,1
333,Moacir Eustáquio Antunes,1944-03-24,,Brasil,Ouro Preto (MG),0,0,Defensor (Zagueiro),,1
334,Moacir Deodato Muniz,1951-03-14,,Brasil,Caruaru (PE),0,0,Atacante,,1
335,Spencer Coelho,1947-06-11,,Brasil,Araxá (MG),0,0,Meia,,1
336,Nelson Cazumbá,1943-04-10,Falecido - 2012-01-17 (68 anos),Brasil,Salvador (BA),0,0,Defensor (Lateral Direito),,1
337,Adilson Benfica da Rosa,1947-07-10,Falecido - 2005-07-09 (57 anos),Brasil,Porto Alegre (RS),0,0,Atacante (Ponta Direita),,1
338,Salvador Luís de Almeida,1949-08-07,Falecido,Brasil,Rio de Janeiro (RJ),0,0,Atacante,Canhoto,1
339,Carlos Dionísio de Brito,1947-07-09,Falecido - 2014-09-24 (67 anos),Brasil,Corumbá (MS),177,0,Atacante,Canhoto,1
340,José Galdino de Oliveira,1954-10-12,,Brasil,Rio de Janeiro (RJ),0,0,Atacante,,1
341,Mizael Torres Neto,1947-10-31,Falecido - 2020-03-18 (72 anos),Brasil,Matosos (MG),0,0,Defensor (Zagueiro),,1
342,Renato Tavares da Silveira,1947-05-26,,Brasil,Campos dos Goytacazes (RJ),0,0,Atacante,,1
343,Carlos Adolfo Buttice,1942-11-17,Falecido - 2018-08-03 (75 anos),Argentina,Monte Grande (ARG),0,0,Goleiro,,1
344,José Carlos da Silva Lemos,1949-09-11,,Brasil,Niterói (RJ),0,0,Atacante,Destro,1
345,Sidnei José Polli,1941-10-07,Falecido - 2000-01-08 (58 anos),Brasil,Campinas (SP),0,0,Goleiro,,1
346,Álvaro Aparecido Pedro,1946-03-13,Falecido - 2013-12-15 (67 anos),Brasil,Rancharia (SP),0,0,Meia (Volante),Destro,1
347,Arthur José Teixeira,1944-03-02,,Brasil,Rio de Janeiro (RJ),0,0,Atacante,,1
348,Walter Goulart,1938-12-21,,Brasil,Viçosa (MG),0,0,Meia,,1
349,Adilson Moraes Albuquerque,1948-01-27,,Brasil,Recife (PE),0,0,Meia,,1
350,Tales Flamínio Costa,1943-02-23,,Brasil,São Manoel (SP),0,0,Atacante,Destro,1
351,Luís Sérgio Ferreira,1948-12-27,,Brasil,São Gerônimo (RS),0,0,Atacante,,1
352,Jair de Jesus Pereira,1949-03-19,,Brasil,Blumenau (SC),0,0,Atacante,,1
353,Marco Antônio Garcia Alves,1940-12-26,,Brasil,Barra do Piraí (RJ),0,0,Meia,,1
354,Rildo da Costa Menezes,1942-01-23,Falecido - 2021-05-16 (79 anos),Brasil,Recife,173,0,Defensor (Lateral Esquerdo),Canhoto,1
355,Laírton José Giovanella,1948-01-20,,Brasil,Lajeado (RS),0,0,Meia,,1
356,João Batista Barbosa Ribeiro,1949-05-29,,Brasil,Pará de Minas (MG),0,0,Atacante,,1
357,Marco Aurélio Moreira,1952-02-10,,Brasil,Muriaé (MG),174,0,Meia (Volante),,1
358,Ivan Xavier da Silva,1948-12-24,,Brasil,Recife (PE),0,0,Defensor,,1
359,Djalma Pereira Dias Júnior,1939-08-21,Falecido - 1990-05-01 (50 anos),Brasil,Rio de Janeiro (RJ),0,0,Defensor (Zagueiro),Destro,1
360,Fernando Ferreira de Lima,1944-07-01,,Brasil,Caruaru (PE),0,0,Atacante (Ponta Esquerda),Canhoto,1
361,Joaquim Fernandes Lopes,1946-11-20,Falecido - 1998-04-27 (51 anos),Brasil,Marília (SP),0,0,Meia,,1
362,Antônio Carlos Dias Renato,1947-08-26,,Brasil,Rio de Janeiro (RJ),0,0,Defensor (Lateral Direito),,1
363,Carlos Alberto Tartaglia,1944-06-20,,Brasil,Mogi-Guaçu (SP),0,0,Atacante,,1
364,Renê Carlos da Silva,1948-10-14,,Brasil,Rio de Janeiro (RJ),183,75,Defensor (Zagueiro),Ambidestro,1
365,Carlos Eduardo de Sousa,1949-12-10,,Brasil,Rancharia (SP),0,0,Defensor (Zagueiro),Canhoto,1
366,Roberto Rebouças,1938-04-10,,Brasil,São Felix (BA),0,0,Defensor (Zagueiro),,1
367,Carlos Alberto Barreto da Silva,1951-01-22,,Brasil,Lagoa dos gatos (PE),0,0,Atacante,,1
368,Antonio Carlos da Silva Terezo,1953-10-07,,Brasil,Macaé (RJ),169,69,Defensor (Lateral Direito),Destro,1
369,José Carlos Generoso,1944-03-26,,Brasil,Araraquara (SP),0,0,Atacante,Canhoto,1
370,Ely Mendes,1952-02-21,,Brasil,Corinto (MG),0,0,Meia (Meia Direita) / Atacante (Ponta Direita),Destro,1
371,Cláudio Roberto Pires Duarte,1951-05-09,,Brasil,São Jerônimo (RS),0,0,Defensor (Lateral Direito),,1
372,Marciano José Silveira Filho,1950-01-03,,Brasil,Lauro Müller (SC),0,0,Atacante,,1
373,Hélio Ribeiro Alves,1950-06-21,,Brasil,Fortaleza (CE),0,0,Goleiro,,1
374,Benedito Benjamin Ferreira,1943-11-04,,Brasil,Guará (SP),0,0,Defensor (Lateral Esquerdo),,1
375,José Carlos dos Santos,1947-09-28,,Brasil,Catanduva (SP),0,0,Meia (Volante),,1
376,Ismael do Amaral Filho,1948-12-20,,Brasil,Belo Horizonte (MG),0,0,Atacante,Destro,1
377,Pedrilho Gonçalves Filho,1949-11-13,,Brasil,Pedro Leopoldo (MG),0,0,Atacante,,1
378,Paulo Roberto Durães de Castilho,1946-03-24,,Brasil,Guaratinguetá (SP),0,0,Atacante (Ponta Direita),Destro,1
379,Valdemir Germano Filho,1948-03-10,,Brasil,Conselheiro Pena (MG),0,0,Meia,,1
380,Wilson de Oliveira Riça,1950-03-13,,Brasil,,0,0,Atacante (Ponta Esquerda),Canhoto,1
381,José Maria Rodrigues Alves,1949-05-18,,Brasil,Botucatu (SP),176,0,Defensor (Lateral Direito),Destro,1
382,Antonio Luiz da Costa,1945-09-05,,Brasil,Sapé (PB),0,0,Atacante,,1
383,Vicente Gonçalves De Paulo,1949-09-05,Falecido - 2011-12-24 (62 anos),Brasil,Bagé (RS),0,0,Defensor (Zagueiro),,1
384,Belarmino de Oliveira Júnior,1951-01-08,,Brasil,Santos (SP),0,0,Atacante,,1
385,Marco Antônio Nogueira,1951-03-23,Falecido - 1994-02-10 (42 anos),Brasil,Itu (SP),0,0,Atacante (Ponta Esquerda),Canhoto,1
386,Edemir Cláudio Marques,1950-02-18,,Brasil,Santos (SP),0,0,Defensor (Zagueiro) / Defensor (Lateral Esquerdo),Canhoto,1
387,Carlos Puppo,1950-06-07,,Brasil,São Paulo (SP),0,0,Goleiro,,1
388,Diodete Pereira Coelho,1946-06-12,Falecido - 2001-09-12 (55 anos),Brasil,Jequié (BA),0,0,Goleiro,,1
389,José Augusto dos Santos Nascimento,1943-03-17,,Brasil,Santo Amaro da Purificação (BA),0,0,Defensor (Lateral Direito),,1
390,Volmir Francisco de Sousa,1944-07-05,,Brasil,Vacaria (RS),0,0,Atacante (Ponta Esquerda),Canhoto,1
391,Joel Gonçalves Roland,1943-02-16,Falecido - 2010-11-14 (67 anos),Brasil,São Jerônimo (RS),0,0,Meia,,1
392,Alexander Kamianecky,1945-12-09,,Alemanha,Hannover,0,0,Defensor (Zagueiro),,1
393,Douglas da Silva Franklin,1949-09-09,,Brasil,Barretos (SP),0,0,Meia (Ponta Direita),,1
394,Manoel Carlos Domingues de Souza,1948-06-02,,Brasil,Lins,0,0,Meia,,1
395,Luís Alberto Alves Severino,1942-11-05,Falecido - 2020-05-21 (77 anos),Brasil,,0,0,Defensor,Canhoto,1
396,Luiz Carlos Pires de Queiroz,1945-09-26,Falecido - 2022-07-13 (76 anos),Brasil,Pelotas (RS),0,0,Goleiro,,1
397,José Luiz Plein Filho,1951-04-25,,Brasil,Santa Maria (RS),0,0,Meia,,1
398,João Batista Faria,1946-06-24,Falecido - 2008-04-20 (61 anos),Brasil,,0,0,Defensor,,1
399,Darci Menezes,1949-09-24,,Brasil,Bagé (RS),0,0,Defensor (Zagueiro),,1
400,José Borges de Couto,1943-05-26,,Brasil,Silvianópolis (MG),177,72,Defensor (Zagueiro) / Defensor (Lateral Esquerdo),,1
401,Paulo Roberto Cardoso da Silva,1952-02-12,,Brasil,Aguas de Lindóia (SP),0,0,Atacante (Ponta Direita),Destro,1
402,Adílson Pereira,1949-12-29,,Brasil,Campos dos Goytacazes (RJ),0,0,Meia,,1
403,Washington Geraldo Dias Alves,1947-09-03,,Brasil,Barão de Cocais (MG),0,0,Defensor,Destro,1
404,Dirceu José Guimarães,1952-06-15,Falecido - 1995-09-15 (43 anos),Brasil,Curitiba (PR),172,66,Meia (Meia Ofensivo) / Atacante (2º Atacante),Canhoto,1
405,Waltemiro Fernandes Pessoa,1942-06-22,,Brasil,João Pessoa (PB),0,0,Meia (Ponta Direita),Destro,1
406,Gilberto Cordeiro de Abreu,1941-12-09,,Brasil,Maranguape (CE),0,0,Atacante,,1
407,Antônio Lima dos Santos,1942-01-18,Falecido - 2025-02-03 (83 anos),Brasil,São Sebastião do Paraíso (MG),173,73,Meia (Meia Central) / Defensor (Lateral Direito),Canhoto,1
408,Flávio Augusto dos Santos,1949-09-05,,Brasil,Santa Maria (RS),0,0,Defensor (Zagueiro),,1
409,Rubens Márcio Cordeiro Galaxe,1952-04-29,,Brasil,,170,67,Meia (Meia Direita),Destro,1
410,João Francisco Pinheiro,1947-08-06,,Brasil,Feira de Santana (BA),0,0,Meia,,1
411,João Daniel da Rocha Filho,1946-09-27,,Brasil,,0,0,Atacante,,1
412,Teodoro Matos Santana,1946-10-22,Falecido - 2013-06-12 (66 anos),Brasil,Santos,0,0,Meia (Volante) / Meia (Meia Central),,1
413,Eduardo Fernandes Amorim,1950-11-30,,Brasil,Montes Claros,0,0,Meia,Destro,1
414,Rafael Salvador de Oliveira Grilo,1949-01-03,,Brasil,,0,0,Goleiro,,1
415,Edson Bastos Scott,1950-06-04,,Brasil,Caxias do Sul (RS),0,0,Defensor (Lateral Esquerdo),Canhoto,1
416,José Francisco de Moraes,1948-07-26,,Brasil,Belo Horizonte (MG),0,0,Defensor (Zagueiro),,1
417,Samuel Arruda,1949-03-31,Falecido - 2006-02-05 (56 anos),Brasil,Mogi Guaçú,0,0,Defensor,,1
418,Paulo Roberto Davoli,1949-01-16,,Brasil,Mogi Mirim (SP),0,0,Defensor (Zagueiro),,1
419,Paulo César Martins,1947-01-18,,Brasil,,0,0,Defensor (Lateral Esquerdo),,1
420,Jaílson Guimarães,1950-04-27,,Brasil,Rio de Janeiro,0,0,Atacante,Destro,1
421,Raimundo Aguilera Solis,1949-01-07,,Paraguai,Itacurubi de La Cordillera,187,79,Goleiro,,1
422,Enéas de Camargo,1954-03-18,Falecido - 1988-12-27 (34 anos),Brasil,São Paulo (SP),0,0,Atacante (Centroavante),Destro,1
423,Ângelo Paulino de Souza,1953-05-30,Falecido - 2007-08-02 (54 anos),Brasil,Onça de Pitangui (MG),165,66,Meia (Meia Direita),Destro,1
424,Hélio Luzia Batista Gilioli,1941-05-22,,Brasil,,0,0,Meia,,1
425,Jorge Hipólito dos Santos,1950-10-28,Falecido - 2014-03-18 (63 anos),Brasil,Duque de Caxias (RJ),0,0,Goleiro,,1
426,Jorge Cardoso de Souza,1947-06-06,,Brasil,Rio de Janeiro (RJ),0,0,Defensor (Lateral Direito),,1
427,Ivo Ardais Wortmann,1949-03-10,,Brasil,Quaraí (RS),0,0,Meia,,1
428,José Benetti,1945-02-24,Falecido - 2012-03-22 (67 anos),Brasil,Oriente (SP),0,0,Meia (Volante),,1
429,Édson Moura de Freitas,1954-01-01,,Brasil,São Paulo (SP),0,0,Meia (Meia Central),Destro,1
430,José Quirino da Silva Filho,1943-11-28,,Brasil,Caruaru (PE),0,0,Defensor (Zagueiro),,1
431,Hermínio Francisco de Oliveira Filho,1944-07-18,,Brasil,Recife (PE),0,0,Defensor (Zagueiro),,1
432,Celso Ferreira,1950-10-02,,Brasil,São Paulo,173,69,Defensor (Lateral Esquerdo),,1
433,Édson Ferreira Bonfim,1945-10-20,,Brasil,Rio de Janeiro (RJ),0,0,Atacante (Centroavante),,1
434,Selmar Rodrigues,1942-02-17,,Brasil,Santana do Livramento (RS),0,0,Atacante,,1
435,Gílson Siqueira Nunes,1946-06-12,,Brasil,Rio de Janeiro,0,0,Atacante (Ponta Esquerda),,1
436,Jonas de Paula,1944-04-25,,Brasil,Cachoeira do Itapemirim (ES),167,0,Goleiro,,1
437,Rainésio de Carvalho,1943-10-31,,Brasil,Rio de Janeiro (RJ),0,0,Goleiro,,1
438,Antônio Carlos Rosa Machado,1949-08-08,,Brasil,Dom Pedrito (RS),0,0,Atacante (Centroavante),,1
439,Nilson Severino Dias,1952-01-25,,Brasil,Rio de Janeiro (RJ),0,0,Atacante (Centroavante),,1
440,Adevaldo Virgílio Netto,1943-08-16,,Brasil,Leopoldina (MG),0,0,Defensor (Lateral Esquerdo),,1
441,Nélson Lopes Filho,1952-03-14,Falecido - 1987-07-25 (35 anos),Brasil,São Paulo (SP),0,0,Meia (Meia Esquerda),Canhoto,1
442,Alcindo Martha de Freitas,1945-03-31,Falecido - 2016-08-27 (71 anos),Brasil,Sapucaia do Sul (RS),172,71,Atacante (Centroavante),Canhoto,1
443,Luiz Carlos da Matt,1950-09-19,,Brasil,São Gonçalo (RJ),0,0,Meia,,1
444,Sérgio Roberto Silva,1950-03-10,,Brasil,,0,0,Atacante,,1
445,Erb Rocha do Nascimento,1949-01-09,,Brasil,Maceió (AL),0,0,Meia,,1
446,José de Anchieta Fontana,1940-12-31,Falecido - 1980-09-09 (39 anos),Brasil,Santa Teresa (ES),187,75,Defensor (Zagueiro),Destro,1
447,Elter Geraldo Alves Coelho,1952-10-27,,Brasil,Diamantina (MG),0,0,Meia,,1
448,João Batista de Souza Oliveira,1950-10-05,,Brasil,Macaé (RJ),0,0,Defensor (Lateral Esquerdo),,1
449,Deodoro José de Almeida Leite,1949-06-07,Falecido - 2024-01-25 (74 anos),Brasil,Piracicaba (SP),0,0,Defensor (Zagueiro),Destro,1
450,Nelson Baptista Júnior,1950-07-22,,Brasil,Campinas,0,0,Defensor (Lateral Direito),Destro,1
451,José Amauri Soares dos Santos,1951-11-04,,Brasil,Rio de Janeiro (RJ),0,0,Goleiro,,1
452,Arilson Pedro da Silva,1948-10-18,Falecido - 2019-07-29 (70 anos),Brasil,Rio de Janeiro (RJ),0,0,Atacante (Ponta Esquerda),Canhoto,1
453,Jair Ventura Filho,1944-12-25,,Brasil,Rio de Janeiro (RJ),180,78,Atacante (Ponta Direita) / Atacante (Centroavante),Destro,1
454,José Maria da Costa,1950-01-13,,Brasil,Itumbiara (GO),0,0,Defensor (Zagueiro),,1
455,Wanderlei Luiz dos Santos,1946-11-26,,Brasil,Mirandópolis (SP),0,0,Meia,,1
456,Roberto Hermont Arantes,1946-08-29,,Brasil,,168,62,Meia (Meia Ofensivo),,1
457,Pedro Borzato Filho,1950-04-20,,Brasil,Indiana (SP),0,0,Atacante (Ponta Esquerda),Canhoto,1
458,Antônio José Rondinelli Tobias,1955-04-26,,Brasil,São José do Rio Pardo (SP),178,78,Defensor (Zagueiro),Destro,1
459,Helenílton de Assis Barros,1946-10-10,Falecido - 2014-12-01 (68 anos),Brasil,,0,0,Atacante,,1
460,Álvaro Matoso Fernandes,1948-04-10,,Brasil,Rio de Janeiro (RJ),0,0,Defensor (Zagueiro),,1
461,Marcos Aurelio Areal Tayt-Son,1953-03-09,,Brasil,,0,0,Meia,,1
462,Ricardo Ferretti De Oliveira,1954-02-22,,México,Rio de Janeiro (RJ),173,0,Meia,,1
463,Ademir Maya Gomury,1947-06-04,,Brasil,Juíz de Fora (MG),0,0,Meia,,1
464,Raul Marcel Barreto,1948-02-06,,Brasil,Brazil,0,0,Goleiro,,1
465,Odair Cologna,1949-09-04,,Brasil,São Paulo (SP),0,0,Atacante,,1
466,José Antonio Libânio,1952-10-02,,Brasil,,0,0,Meia,,1
467,Manoel Maria Evangelista Barbosa dos Santos,1948-02-29,,Brasil,Belém,162,63,Atacante,Ambidestro,1
468,Ubiratan Barbosa,1949-04-06,,Brasil,Curitiba (PR),0,0,Defensor (Lateral Direito),,1
469,Sulei Garcia da Costa,1949-12-12,,Brasil,Santana do Livramento (RS),0,0,Atacante,Destro,1
470,João de Almeida Filho,1947-07-03,,Brasil,Osasco (SP),186,81,Defensor,,1
471,Atilio Genaro Ancheta Weiguel,1948-07-19,,Uruguai,Florida,186,78,Defensor (Zagueiro),Canhoto,1
472,João Carlos da Silva Severiano,1941-09-26,,Brasil,Porto Alegre (RS),163,61,Meia,Canhoto,1
473,Alberto José dos Santos,1953-08-16,,Brasil,Governador Valadares (MG),0,0,Meia (Meia Esquerda),Canhoto,1
474,Carlos Roberto de Oliveira,1954-04-13,Falecido - 2023-01-08 (68 anos),Brasil,Duque de Caxias (RJ),186,76,Atacante (Centroavante),Destro,1
475,Edmilson Muniz Trajano,1950-11-20,,Brasil,Fortaleza (CE),0,0,Atacante,,1
476,Gilmar da Silva Barcellos,1952-04-20,,Brasil,Campos (RJ),0,0,Atacante,,1
477,Carlos Eloir Perucci,1951-05-20,,Brasil,,0,0,Atacante,,1
478,Joel Natalino Santana,1948-12-25,,Brasil,Rio de Janeiro (RJ),0,0,Defensor (Zagueiro),Destro,1
479,Sadi Schwerdt,1942-12-15,Falecido - 2019-02-27 (76 anos),Brasil,Arroio dos Ratos - RS,0,0,Defensor (Lateral Esquerdo),Destro,1
480,Wendell Lucena Ramalho,1947-11-21,Falecido - 2022-05-23 (74 anos),Brasil,Recife (PE),180,0,Goleiro,,1
481,João Inácio Costa,1947-07-15,,Brasil,Porto Alegre (RS),0,0,Meia,,1
482,Luís Carlos Scala Loureiro,1940-07-31,Falecido - 2007-10-10 (67 anos),Brasil,Rio Grande - RS,0,0,Defensor (Zagueiro),,1
483,Geraldo Concórdia da Silva,1950-09-08,,Brasil,Três corações (MG),0,0,Atacante,,1
484,Lauro Antônio da Silva,1946-09-12,,Brasil,Cabo Frio (RJ),0,0,Defensor (Lateral Direito),,1
485,Luiz Carlos Schneider,1948-05-15,Falecido - 1999-12-01 (51 anos),Brasil,Montenegro (RS),0,0,Goleiro,,1
486,Elías Ricardo Figueroa Brander,1946-10-25,,Chile,Valparaíso,183,81,Defensor (Zagueiro),Destro,1
487,Carlos Alberto Torres,1944-07-17,Falecido - 2016-10-25 (72 anos),Brasil,Rio de Janeiro/RJ,180,70,Defensor (Lateral Direito),Destro,1
488,Ronaldo Barsotti de Freitas,1949-03-06,,Brasil,Santos (SP),0,0,Meia,,1
489,Sebastião Campos de Moraes,1948-08-20,,Brasil,Rio de Janeiro (RJ),0,0,Meia (Meia Ofensivo),Destro,1
490,Adolfo José Lima Neves,1951-04-11,,Brasil,Tremembé (SP),0,0,Meia,,1
491,Vanderlei Ramildo Augusto da Silva,1943-10-31,,Brasil,Tubarão (SC),0,0,Goleiro,,1
492,Roberto Dias Branco,1943-01-07,Falecido - 2007-09-26 (64 anos),Brasil,São Paulo (SP),168,0,Defensor (Líbero) / Meia (Volante),,1
493,Antonio Gonzaga Almeida,1950-08-22,,Brasil,Teófilo Otoni,0,0,Meia,,1
494,Cícero Ferreira da Silva,1951-01-21,,Brasil,João Pessoa (PB),0,0,Atacante,,1
495,Carlos Roberto Orrigo da Cunha,1953-03-03,,Brasil,Porto Alegre (RS),0,0,Defensor (Zagueiro),,1
496,Armando Oliveira Bento,1953-05-20,,Brasil,Porto Alegre (RS),0,0,Atacante,,1
497,Raul Guilherme Plassmann,1944-09-27,,Brasil,Antonina (PR),185,0,Goleiro,Destro,1
498,Juarez Alves Pimenta,1955-07-09,,Brasil,Araçuaí (MG),0,0,Atacante (Centroavante),,1
499,Luiz Carlos José da Silva,1951-03-11,,Brasil,Rio de Janeiro (RJ),0,0,Defensor (Lateral Direito) / Defensor (Zagueiro),Destro,1
500,José Aparecido da Conceição,1944-11-10,Falecido - 2011-12-31 (67 anos),Brasil,São Paulo (SP),0,0,Meia,,1
501,José Fernando Pádua Lima,1948-04-09,,Brasil,Salvador (BA),0,0,Atacante (Centroavante),,1
502,Aguinaldo Moreira,1943-10-12,,Brasil,Santos (SP),0,0,Goleiro,,1
503,Luiz Carlos da Motta,1944-11-01,,Brasil,Rio de Janeiro (RJ),0,0,Defensor (Lateral Direito),,1
504,Francisco Olímpio de Oliveira Filho,1948-12-20,,Brasil,Rio de Janeiro (RJ),0,0,Defensor (Lateral Direito),Destro,1
505,Luiz Carlos Rangel,1950-09-19,,Brasil,Rio de Janeiro (RJ),0,0,Defensor (Zagueiro),,1
506,Walter Antonio da Silva,1949-12-07,,Brasil,Sao Joao do Meriti (RJ),0,0,Defensor (Zagueiro),Destro,1
507,Mário Sérgio Pontes de Paiva,1950-09-07,Falecido - 2016-11-28 (66 anos),Brasil,,0,0,Meia (Meia Esquerda) / Atacante (Ponta Esquerda),Canhoto,1
508,Almiro Antônio Gonçalves,1948-02-28,Falecido - 2022-03-10 (74 anos),Brasil,Cuiabá (MT),0,0,Meia,Destro,1
509,Juarez Cezário dos Santos,1945-02-25,,Brasil,Duque de Caxias (RJ),0,0,Meia,,1
510,Osni Lopes,1952-07-13,,Brasil,Osasco (SP),156,0,Atacante,Canhoto,1
511,Luiz Carlos Vitali,1946-04-04,,Brasil,Colatina (ES),0,0,Atacante,,1
512,Frederico Chimiti Neto,1949-03-12,,Brasil,Colatina (ES),0,0,Goleiro,,1
513,Antônio Aranha Alves,1946-08-04,,Brasil,Sorocaba (SP),0,0,Defensor (Lateral Direito),Destro,1
514,José Pedro Oliveira Pradera,1951-03-24,,Brasil,Rio de Janeiro (RJ),0,0,Defensor (Zagueiro),,1
515,Lúcio da Paixão Ferreira Andrade,1949-04-15,,Brasil,Belém (PA),0,0,Defensor (Lateral Esquerdo),,1
516,José Dutra dos Santos,1948-01-26,,Brasil,Rio de Janeiro,170,68,Defensor,,1
517,Hertz González Alcántara,1951-08-01,Falecido - 2009-06-15 (57 anos),Brasil,São Paulo,0,0,Meia,Canhoto,1
518,Dionísio Ramos de Moraes Filho,1946-02-16,,Brasil,Cuiabá (MT),0,0,Meia,,1
519,Fernando Antônio Marcelino,1948-10-20,,Brasil,Campinas (SP),0,0,Atacante (Centroavante),,1
520,Nílton Rosa,1943-03-15,,Brasil,,0,0,Atacante,,1
521,Rubens Luiz Pereira Júnior,1949-07-07,,Brasil,Rio de Janeiro (RJ),0,0,Meia,,1
522,Carlos André Avelino de Lima,1946-10-30,Falecido - 2021-07-28 (74 anos),Brasil,Salvador,173,72,Atacante (Centroavante),Destro,1
523,Manoel Freitas da Silva,1947-06-09,,Brasil,Rio de Janeiro (RJ),0,0,Meia,,1
524,José Luiz de Lima Rente,1951-00-00,,Brasil,,0,0,Atacante,,1
525,Francisco das Chagas Marinho,1952-02-08,Falecido - 2014-06-01 (62 anos),Brasil,Natal,178,70,Defensor (Lateral Esquerdo),Destro,1
526,Rodolfo José Fischer Eichler,1944-04-02,Falecido - 2020-10-16 (76 anos),Argentina,Oberá,0,0,Atacante,,1
527,Cláudio César de Aguiar Mauriz,1940-08-22,Falecido - 1979-06-24 (38 anos),Brasil,,172,0,Goleiro,,1
528,Ladislao Mazurkiewicz Iglesias,1945-02-14,Falecido - 2013-01-02 (67 anos),Uruguai,Piriápolis,179,78,Goleiro,Ambidestro,1
529,Raul Fernandes da Costa Filho,1941-12-02,,Brasil,Belo Horizonte (MG),0,0,Defensor (Zagueiro),,1
530,Paulo César de Souza,1950-09-29,Falecido - 2002-07-31 (51 anos),Brasil,Alfenas (MG),171,66,Atacante (Ponta Esquerda),Canhoto,1
531,Jorge Vieira,1953-10-11,Falecido - 1977-07-13 (23 anos),Brasil,Castelo (ES),171,64,Atacante (Ponta Direita),Destro,1
532,Carlos Alberto Costa,1947-11-12,,Brasil,Votorantim (SP),0,0,Atacante,Canhoto,1
533,Alfredo Domingo Obberti,1945-08-12,Falecido - 2021-07-05 (75 anos),Argentina,Buenos Aires,185,0,Atacante,,1
534,Paulo Sérgio Teixeira Brasil,1949-01-08,Falecido - 1979-06-19 (30 anos),Brasil,,0,0,Meia,,1
535,José Carlos Serrão,1950-10-12,,Brasil,São Paulo (SP),0,0,Atacante (Ponta Esquerda) / Atacante (Ponta Direita),,1
536,Nilton Ferreira de Souza,1943-01-18,,Brasil,,0,0,Defensor (Zagueiro),Ambidestro,1
537,José Carlos Albim Marques,1950-05-24,Falecido,Brasil,,0,0,Defensor (Lateral Esquerdo),Canhoto,1
538,José Mário De Almeida Barros,1949-02-01,,Brasil,Río de Janeiro,0,0,Meia (Volante),Ambidestro,1
539,Narciso Horacio Doval,1944-01-04,Falecido - 1991-10-12 (47 anos),Argentina,Buenos Aires,178,79,Atacante (Ponta Direita) / Atacante (Centroavante),Destro,1
540,Alvanir Almeida Alves dos Santos,1951-03-27,,Brasil,Rio de Janeiro (RJ),0,0,Defensor (Lateral Esquerdo),,1
541,Mauro da Costa Pedrazzi,1952-01-01,,Brasil,Rio de Janeiro (RJ),0,0,Meia,,1
542,Espedito Antônio dos Santos Júnior,1953-02-09,,Brasil,Rio de Janeiro (RJ),0,0,Atacante,,1
543,Vicente de Paula Santos de Figueiredo Júnior,1951-10-26,,Brasil,Salvador (BA),0,0,Atacante,,1
544,João Henrique Brenner,1944-01-17,,Brasil,Porto Alegre (RS),0,0,Atacante,,1
545,Roberto Cardoso Dormund Martins,1947-11-15,,Brasil,Rio de Janeiro (RJ),0,0,Atacante,,1
546,Walter José dos Santos,1945-09-13,,Brasil,Recife (PE),0,0,Defensor (Lateral Direito),,1
547,Mário Filipe Pedreira,1943-07-13,,Brasil,,0,0,Defensor,Ambidestro,1
548,Simão Teles Bacelar,1948-03-07,,Brasil,Miguel Alves (PI),170,69,Atacante (Centroavante) / Meia (Meia Ofensivo),Ambidestro,1
549,Gilson Pereira Porto,1944-02-14,Falecido - 2003-01-13 (58 anos),Brasil,Feira de Santana,0,0,Atacante (Ponta Esquerda),,1
550,Edson Luiz de Carvalho,1941-10-28,,Brasil,Tarumirim (MG),0,0,Goleiro,,1
551,Antônio da Costa Petrucio,1945-09-27,,Brasil,,0,0,Defensor (Lateral Direito) / Defensor (Lateral Direito),Destro,1
552,Almir Coutinho,1947-04-16,Falecido - 2021-03-23 (73 anos),Brasil,Rio de Janeiro (RJ),0,0,Defensor (Lateral Esquerdo),Canhoto,1
553,Jurandir Avólio de Carvalho,1943-01-07,,Brasil,Rio de Janeiro (RJ),0,0,Defensor,,1
554,Danival de Oliveira,1952-11-05,,Brasil,Vespasiano (MG),0,0,Meia,Destro,1
555,Alderi Mesquita Matos,1950-01-07,,Brasil,Belém (PA),0,0,Meia,,1
556,Jorge Rezende Maia,1951-10-11,,Brasil,Rio de Janeiro (RJ),0,0,Meia,,1
557,Lacy Gomes Guimarães,1948-04-23,Falecido - 2000-07-18 (52 anos),Brasil,Belo Horizonte (MG),0,0,Atacante (Ponta Direita),,1
558,José Reis Barbosa,1953-01-06,,Brasil,São Geraldo (MG),0,0,Atacante (Ponta Esquerda),,1
559,Walmir Coutinho,1948-09-20,,Brasil,Rio de Janeiro (RJ),0,0,Atacante (Centroavante),Destro,1
560,Alberto Raimundo Marques,1953-02-28,Falecido - 2025-02-01 (71 anos),Brasil,Santo Amaro da Purificação - BA,0,0,Meia,,1
561,Julião Furtado dos Reis,1948-01-09,Falecido - 2002-06-12 (54 anos),Brasil,Bragança (PA),0,0,Atacante,,1
562,Luiz Carlos Vicente,1949-12-26,,Brasil,Votuporanga (SP),0,0,Meia / Defensor (Zagueiro),,1
563,Hélio Carreiro da Silva,1941-10-30,,Brasil,Rio de Janeiro (RJ),176,0,Goleiro,Destro,1
564,Sidclei Andrade da Silva,1949-07-20,,Brasil,Rio de Janeiro (RJ),0,0,Defensor (Zagueiro) / Defensor (Lateral Esquerdo),Canhoto,1
565,Jorge Romero Filho,1952-12-21,,Brasil,Rio de Janeiro (RJ),190,0,Defensor (Lateral Esquerdo),Canhoto,1
566,José Paulo De Araújo,1954-09-10,,Brasil,Caicó (RN),0,0,Meia,,1
567,Elói José dos Santos,1951-05-22,,Brasil,Recife (PE),0,0,Atacante (Ponta Direita),,1
568,Ederlindo Pereira Silva Filho,1950-02-22,,Brasil,Salvador (BA),0,0,Atacante (Ponta Direita),Destro,1
569,Edvaldo de Araújo,1951-09-01,,Brasil,Recife (PE),0,0,Atacante (Centroavante),,1
570,João Paulo Filho,1945-06-05,,Brasil,,0,0,Atacante (Ponta Esquerda),,1
571,Francisco das Chagas Vera,1946-12-26,,Brasil,Fortaleza (CE),0,0,Defensor (Lateral Direito),Destro,1
572,Paulo Ricardo Batista Oliveira,1950-01-19,,Brasil,Rio de Janeiro (RJ),0,0,Defensor (Zagueiro),,1
573,Élcio Nogueira da Silva,1947-10-15,Falecido - 2020-06-05 (72 anos),Brasil,Campos (RJ),0,0,Defensor (Zagueiro),Canhoto,1
574,José Amílton Cavalcante Rocha,1951-10-21,,Brasil,Fortaleza (CE),0,0,Atacante (Ponta Direita),,1
575,Paulo Roberto Rodrigues de Amorim,1952-01-26,,Brasil,Rio de Janeiro (RJ),0,0,Atacante (Ponta Direita),Destro,1
576,Jair Pereira da Silva,1947-05-29,,Brasil,Rio de Janeiro,0,0,Meia / Atacante,,1
577,José Carlos dos Santos,1954-03-17,,Brasil,Recife (PE),172,70,Atacante (Ponta Esquerda),Canhoto,1
578,Carlos Alberto Garcia,1954-04-12,,Brasil,Flórida Paulista (SP),0,0,Atacante (Centroavante),,1
579,Ernesto Luis Lance,1949-01-19,,Brasil,Casa Branca (SP),0,0,Atacante (Ponta Esquerda) / Meia (Meia Direita),Ambidestro,1
580,José Roberto Lopes Padilha,1952-06-12,,Brasil,Três Rios,0,0,Atacante (Ponta Esquerda),,1
581,Jairo do Nascimento,1946-10-23,Falecido - 2019-02-06 (72 anos),Brasil,Joinville,194,0,Goleiro,,1
582,Eduardo Francisco Dreyer,1948-05-14,,Argentina,Córdoba,0,0,Meia (Volante),,1
583,João Helio Pereira Pires,1947-03-22,Falecido,Brasil,Taquara (RS),0,0,Atacante,Destro,1
584,Alfredo Mostarda Filho,1946-10-18,Falecido - 2025-03-28 (78 anos),Brasil,São Paulo (SP),176,77,Defensor (Zagueiro),Destro,1
585,Norberto Rubén Madurga,1944-12-29,,Argentina,,173,0,Meia,,1
586,Elias Ferreira Sobrinho,1949-08-15,,Brasil,Araraquara (SP),0,0,Atacante (Ponta Esquerda),Canhoto,1
587,Valmir Pereira dos Santos,1942-11-10,,Brasil,Itajuipe (BA),0,0,Goleiro,,1
588,João Carlos Estanislau de Jesus,1948-10-16,,Brasil,Santos (SP),0,0,Defensor (Zagueiro),,1
589,Raimundo Dória Dias,1950-09-08,,Brasil,Ribeira do Amparo (BA),0,0,Defensor (Zagueiro),,1
590,Valnil Borges Barreto,1947-08-01,,Brasil,Capão do Leão (RS),0,0,Defensor (Zagueiro),,1
591,Altair Soares do Nascimento,1948-01-17,,Brasil,Campo dos Goytacazes (RJ),0,0,Defensor (Zagueiro),Destro,1
592,Paulo Sérgio Amaral Campos,1950-06-03,,Brasil,São Paulo (SP),0,0,Meia (Volante),,1
593,José Leal dos Santos,1947-02-02,,Brasil,Salvador (BA),0,0,Meia,,1
594,Adão Valério dos Reis,1950-08-18,,Brasil,Tombos (MG),0,0,Meia,,1
595,Ercy Rosa de Souza,1943-11-08,,Brasil,Rio de Janeiro (RJ),0,0,Meia,,1
596,Fernando Batista de Souza,1951-06-05,,Brasil,Aracaju (SE),0,0,Atacante,,1
597,Paulo Roberto Tavares,1946-01-22,,Brasil,Recife (PE),0,0,Defensor (Lateral Esquerdo),,1
598,Samuel de Jesus Asco,1944-09-14,,Brasil,Niterói (RJ),0,0,Atacante,,1
599,Jorge Rodrigues da Costa,1948-07-31,,Brasil,Imhauma (RJ),0,0,Atacante (Centroavante),,1
600,José Silva,1944-08-17,,Brasil,Porto da Folha (SE),0,0,Atacante,,1
601,Edivaldo Sousa Anjos,1947-09-16,Falecido,Brasil,,0,0,Atacante,Destro,1
602,Carlos Henrique Pires do Amaral,1950-11-28,,Brasil,São Paulo (SP),0,0,Atacante,,1
603,Sebastião Botelho Filho,1950-04-29,,Brasil,Rio de Janeiro (RJ),0,0,Goleiro,,1
604,José Édson Gomes da Silva,1946-02-15,,Brasil,Orobo (PE),0,0,Defensor (Zagueiro),,1
605,Nilson Florindo Andrade,1949-12-08,,Brasil,Belo Horizonte (MG),0,0,Defensor (Zagueiro),Canhoto,1
606,Adeildo José da Silva,1945-11-15,,Brasil,Recife (PE),0,0,Defensor (Zagueiro),,1
607,José de Anchieta da Silva,1948-03-19,,Brasil,Natal (RN),0,0,Defensor (Lateral Esquerdo),Canhoto,1
608,William Alves de Oliveira,1947-02-12,,Brasil,Ceara-Mirim (RN),0,0,Meia (Volante),,1
609,Jailson Correia Aguiar,1947-09-01,,Brasil,Natal (RN),0,0,Meia,,1
610,Antonio Soares de Albuquerque,1951-04-11,,Brasil,Recife (PE),0,0,Atacante (Ponta Esquerda),Canhoto,1
611,Alberi José Ferreira de Matos,1945-01-28,Falecido - 2022-10-28 (77 anos),Brasil,Recife (PE),0,0,Atacante,,1
612,Danilo Menezes Nuñez,1945-02-17,,Uruguai,Rivera,0,0,Atacante,,1
613,José Hugo de Jesus,1940-07-21,,Brasil,Criciúma (SC),0,0,Goleiro,,1
614,Djalma Batista Sales,1945-07-30,,Brasil,Recife (PE),0,0,Defensor (Zagueiro),,1
615,Ademir Pedro Araújo,1946-07-28,,Brasil,Maceió (AL),0,0,Defensor (Lateral Esquerdo),,1
616,Adherbal Teixeira da Cunha Filho,1945-08-08,,Brasil,Rio de Janeiro (RJ),0,0,Defensor (Lateral Esquerdo),,1
617,José Ernesto Soares Costa,1952-02-17,,Brasil,Maceió (AL),0,0,Meia,,1
618,Orlando José de Oliveira,1946-00-00,,Brasil,Ribeirão Preto (SP),0,0,Atacante (Ponta Direita),Destro,1
619,Averaldo Dantas da Silva,1948-05-09,,Brasil,Maceió (AL),0,0,Atacante (Ponta Esquerda),Canhoto,1
620,Carlos Xavier Castilho,1950-03-21,,Brasil,Rio de Janeiro (RJ),0,0,Atacante,,1
621,Reinaldo Strelciunas,1948-10-30,,Brasil,São Paulo (SP),0,0,Atacante,,1
622,Everaldo da Silva,1949-10-12,,Brasil,São Paulo (SP),0,0,Meia,,1
623,Roberto Gonçalves Menezes,1948-05-09,Falecido - 2000-05-28 (52 anos),Brasil,Maceio (AL),0,0,Meia (Meia Central),,1
624,Benedito Israel Ribeiro,1943-04-10,,Brasil,Cairu (BA),0,0,Atacante,,1
625,Luís Carlos Machado,1950-01-18,Falecido - 2011-09-27 (61 anos),Brasil,Porto Alegre (RS),182,0,Atacante (Centroavante),,1
626,Tadeu José da Costa Lima,1945-08-24,,Brasil,Recife (PE),0,0,Defensor (Lateral Direito),,1
627,Manoel Hermano Soares da Silva,1950-09-20,,Brasil,João Pessoa (PB),0,0,Atacante (Ponta Direita),,1
628,José Ribamar Celestino,1942-06-30,Falecido - 2007-08-22 (65 anos),Brasil,São Luís (MA),0,0,Meia (Volante),,1
629,Luiz Gonzaga da Câmara e Silva,1948-02-01,,Brasil,Natal (RN),0,0,Meia,,1
630,Lúcio Flávio Figueiredo Cruz,1949-03-26,Falecido - 2001-05-26 (52 anos),Brasil,Fortaleza (CE),0,0,Meia (Meia Central) / Meia (Volante),Destro,1
631,Everaldo Dionisio,1945-02-22,,Brasil,Rio de Janeiro (RJ),0,0,Goleiro,,1
632,Nilo Sergio Ferreira,1952-03-15,,Brasil,Rio de Janeiro (RJ),0,0,Defensor (Zagueiro) / Meia (Volante),,1
633,Joel de Oliveira,1942-02-01,,Brasil,Aracaju (SE),0,0,Meia,,1
634,Edevar Sérgio Nicoletti,1945-12-15,,Brasil,São José do Rio Preto (SP),0,0,Goleiro,,1
635,Antônio Carlos Cerezo,1955-04-21,,Brasil,Belo Horizonte (MG),183,75,Meia (Meia Central) / Meia (Volante),Destro,1
636,Júlio Titow,1952-11-04,,Brasil,Porto Alegre (RS),181,72,Meia,Destro,1
637,Sérgio Ezequiel Nogueira,1949-03-04,,Brasil,Varginha (MG),0,0,Meia / Atacante (Ponta Esquerda),Canhoto,1
638,Neto Minervo Guerino,1950-10-12,,Brasil,Brazil,180,76,Atacante,,1
639,João Marques,1950-01-01,,Brasil,São Paulo (SP),0,0,Atacante (Ponta Direita),Destro,1
640,Rangel Campi Delamarque,1951-04-08,,Brasil,Belo Horizonte (MG),0,0,Meia,,1
641,Sebatião Mendes Neto,1945-04-08,,Brasil,São Paulo (SP),0,0,Defensor (Zagueiro),Destro,1
642,Alcino Neves dos Santos Filho,1951-03-24,Falecido - 2006-07-20 (55 anos),Brasil,Rio de Janeiro,0,0,Atacante (Centroavante),,1
643,Ademir da Silva Azevedo,1952-11-20,,Brasil,Niterói (RJ),0,0,Meia,,1
644,José Roberto da Silva,1947-12-20,,Brasil,Presidente Prudente (SP),0,0,Atacante,,1
645,José Ricardo Cardoso Ramos,1954-12-04,,Brasil,Maceió (AL),0,0,Atacante,,1
646,Fausto de Souza Neto,1951-04-07,,Brasil,,0,0,Defensor (Zagueiro),,1
647,Mário Vieira,1944-07-09,,Brasil,Encantado (RJ),0,0,Meia (Volante),,1
648,Humberto André Redes Filho,1945-06-20,,Brasil,Rio de Janeiro (RJ),0,0,Atacante,,1
649,Fernando Silva,1948-01-05,,Brasil,Belo Horizonte (BH),0,0,Meia (Volante) / Defensor (Zagueiro),,1
650,Luis dos Santos Costa,1942-01-16,,Brasil,,0,0,Goleiro,,1
651,Severino Vasconcelos Barbosa,1951-09-24,,Brasil,Recife,178,0,Meia,,1
652,Ney Bento de Souza,1945-02-20,Falecido - 2014-11-17 (69 anos),Brasil,Santos (SP),0,0,Goleiro,,1
653,Bianor Roque Duarte,1948-11-24,,Brasil,Itaguaí (RJ),0,0,Defensor (Zagueiro),,1
654,Rubens dos Santos,1946-07-14,Falecido - 2023-03-28 (76 anos),Brasil,São José do Rio Preto (SP),0,0,Meia (Volante),Destro,1
655,José Geraldo Cândido,1950-01-04,Falecido - 1988-07-09 (38 anos),Brasil,Volta Redonda (RJ),0,0,Meia,,1
656,Miguel Lopes Ruiz Filho,1948-05-24,,Brasil,São Paulo (SP),0,0,Goleiro,,1
657,Dejair Pacheco Duarte,1951-05-30,,Brasil,Canoas (RS),0,0,Meia,,1
658,Mário Lourenço de Oliveira,1948-01-16,,Brasil,Belo Horizonte (MG),0,0,Meia (Volante),,1
659,Jorge Guaraci da Silva e Silva,1949-04-22,,Brasil,Porto Alegre,179,77,Defensor (Zagueiro),Destro,1
660,Luciano de Oliveira,1945-07-04,,Brasil,Rio de Janeiro (RJ),0,0,Meia,,1
661,Adilson David,1952-03-21,,Brasil,Santos (SP),0,0,Atacante,,1
662,Luiz de Matos Luchesi,1938-08-14,Falecido,Brasil,Belo Horizonte (MG),0,0,Goleiro,,1
663,Ronaldo José Nogueira,1951-04-05,,Brasil,Belo Horizonte (MG),0,0,Atacante / Meia (Meia Ofensivo),,1
664,Paulo Mauricio de Oliveira,1952-11-11,,Brasil,,0,0,Defensor (Lateral Direito),Destro,1
665,Antônio Feliciano da Costa,1947-12-26,,Brasil,Visconde do Rio Branco (MG),0,0,Defensor (Lateral Direito),,1
666,Edmilson Santos,1949-06-21,,Brasil,Aracaju,0,0,Atacante,Destro,1
667,João Façanha Júnior,1945-05-05,,Brasil,Fortaleza (CE),0,0,Atacante (Ponta Esquerda),,1
668,Wilson do Nascimento Lopes,1943-11-21,,Brasil,Rio de Janeiro (RJ),0,0,Atacante,,1
669,Cosme da Silva Campos,1952-12-21,,Brasil,Pedro Leopoldo (MG),0,0,Atacante (Centroavante),Destro,1
670,Aylton Rocha de Santos,1939-08-03,,Brasil,Paulista (PE),0,0,Meia,,1
671,Claudiomir Alves Guerra,1948-03-11,Falecido - 2018-02-00 (69 anos),Brasil,Rio de Janeiro - RJ,0,0,Meia,,1
672,Allan Aloysius Cole Junior,1950-10-14,Falecido - 2025-09-09 (74 anos),Jamaica,Kingston,0,0,Atacante,,1
673,José Júlio Farias De Oliveira,1947-09-26,,Brasil,Maceio (AL),0,0,Defensor (Zagueiro),Canhoto,1
674,Mário Bacuri,1949-00-00,Falecido - 2015-08-04 (66 anos),Brasil,,0,0,Meia,,1
675,Moacir Bernardes Brida,1948-07-12,,Brasil,Itajobi (SP),0,0,Meia,,1
676,Odélio de Souza,1948-07-27,,Brasil,Rio de Janeiro (RJ),0,0,Defensor (Zagueiro),,1
677,Edmilson Machado da Silva,1951-09-10,,Brasil,Feira de Santana (BA),0,0,Defensor (Lateral Direito),Destro,1
678,Ademir Vicente,1950-06-06,Falecido - 2016-06-21 (66 anos),Brasil,Ribeirão Preto (SP),0,0,Defensor,,1
679,Carlos Alberto Zanata Amato,1950-09-06,,Brasil,São José do Rio Pardo (SP),0,0,Meia,Canhoto,1
680,Cláudio Batista Coelho,1953-05-29,Falecido - 2003-08-11 (50 anos),Brasil,Vespasiano (MG),0,0,Atacante (Ponta Esquerda) / Defensor (Lateral Esquerdo),Canhoto,1
681,Luís Artime,1938-12-02,,Argentina,Mendoza,174,73,Atacante (Centroavante),Destro,1
682,Sebastião Cardoso dos Santos Sobrinho,1951-01-20,,Brasil,Duartina (SP),0,0,Defensor (Lateral Direito),Destro,1
683,Hélcio Baptista Xavier,1948-06-28,Falecido - 2004-00-00 (55 anos),Brasil,Campos dos Goytacazes (RJ),178,80,Atacante,,1
684,Edison Pereira de Souza,1947-10-15,,Brasil,São José dos Campos (SP),0,0,Goleiro,,1
685,Eustáquio Ribeiro,1945-09-18,,Brasil,Bom Despanho (MG),0,0,Meia (Volante),,1
686,Ubirajara Camilo de Sousa,1948-12-30,,Brasil,,0,0,Defensor (Zagueiro),Destro,1
687,José Osmar Cordeiro Raposo,1948-10-27,,Brasil,Rio de Janeiro (RJ),0,0,Defensor (Zagueiro),,1
688,Antônio Pereira dos Santos,1947-07-08,,Brasil,Aracaju (SE),0,0,Atacante,,1
689,Alberto Tavares Filho,1946-06-11,,Brasil,Rio de Janeiro (RJ),0,0,Defensor (Zagueiro),,1
690,Ilson Peres de Farias,1947-09-01,,Brasil,Parnamirim (RN),0,0,Meia,,1
691,Luiz Alberto da Silva Júnior,1952-01-02,,Brasil,Rio de Janeiro (RJ),0,0,Meia,,1
692,Humberto Mascarenhas,1944-11-13,,Brasil,Pelotas (RS),0,0,Atacante (Ponta Direita),,1
693,Luiz Carlos Oliveira da Silva,1949-02-11,,Brasil,Recife (PE),0,0,Defensor (Zagueiro),,1
694,Gecélio Santos,1945-03-26,,Brasil,Aracaju (SE),0,0,Defensor (Lateral Esquerdo),,1
695,Manoel da Silva Costa,1953-02-14,Falecido - 2015-10-17 (62 anos),Brasil,Uruguaiana (RS),187,72,Atacante,Destro,1
696,Odair César de Oliveira,1948-00-00,,Brasil,Nova Europa (SP),0,0,Defensor (Lateral Direito),Destro,1
697,Afonso Souza da Cunha,1941-11-17,,Brasil,Salvador (BA),0,0,Meia,,1
698,Nílson Borges,1941-02-16,Falecido,Brasil,São Paulo (SP),0,0,Atacante (Ponta Esquerda),,1
699,Renato de Sousa Cogo,1947-12-01,,Brasil,Porto Alegre (RS),0,0,Defensor (Zagueiro) / Defensor (Lateral Direito),Destro,1
700,Jorge Luís da Silva,1952-11-14,,Brasil,Castelo,0,0,Atacante (Ponta Direita),Destro,1
701,Jorge Tabajara Lima dos Santos,1950-08-16,,Brasil,Dois Irmãos (RS),0,0,Defensor (Lateral Esquerdo),Canhoto,1
702,Nelson José de Souza,1948-04-19,,Brasil,Guaxupé (MG),0,0,Defensor (Lateral Esquerdo),,1
703,Francisco Afonso Valle de Figueiredo,1949-12-28,,Brasil,,0,0,Meia,,1
704,Reinaldo Costa,1950-09-03,,Brasil,Belo Horizonte (MG),0,0,Defensor (Lateral Direito),,1
705,Miguel Couto Gomes Laranjeira,1945-03-16,,Brasil,Rio de Janeiro (RJ),0,0,Atacante (Centroavante),,1
706,Elias das Graças Travassos,1951-01-30,,Brasil,Santarém (PA),0,0,Defensor (Lateral Esquerdo),Canhoto,1
707,Antônio Ribeiro da Silva,1946-06-10,,Brasil,Monteiro (PB),0,0,Defensor (Zagueiro),,1
708,Jorge Mendes,1946-05-19,,Brasil,Rio de Janeiro (RJ),0,0,Meia,,1
709,Barcímio Sicupira Júnior,1944-05-10,Falecido,Brasil,Lapa (PR),0,0,Meia,Destro,1
710,Paulo de Oliveira Lima,1949-02-09,,Brasil,Ourinhos (SP),0,0,Defensor,Ambidestro,1
711,Mário Sebastião Bochenek,1946-09-14,,Brasil,Curitiba (PR),0,0,Defensor (Lateral Esquerdo),Canhoto,1
712,William Silvio Modesto,1953-03-08,Falecido - 2008-02-23 (54 anos),Brasil,Araraquara (SP),185,83,Atacante,Destro,1
713,Mário José Braga,1944-01-02,,Brasil,Cachoeira do Itapemirim (ES),0,0,Defensor (Zagueiro),,1
714,Luiz José Cruz de Almeida,1947-05-01,,Brasil,Salvador (BA),0,0,Defensor (Zagueiro),,1
715,Carlos Alberto de Oliveira Souza,1951-06-09,,Brasil,Belo Horizonte (MG),0,0,Meia,,1
716,Arismario Carvalho da Silva,1949-10-01,,Brasil,Caruaru (PE),0,0,Defensor (Lateral Direito),Destro,1
717,Alberto Edmar Nascimento,1946-12-02,,Brasil,Girua (RS),0,0,Defensor (Zagueiro),,1
718,Valdemar Costa Sobrinho,1949-08-31,,Brasil,Belo Horizonte (MG),0,0,Defensor (Zagueiro),,1
719,José Amílton Melo de Carvalho,1949-06-25,Falecido - 1997-07-06 (48 anos),Brasil,Tamboril (CE),0,0,Atacante (Ponta Esquerda) / Atacante (Ponta Esquerda),,1
720,José Marcelo de Almeida,1947-05-19,,Brasil,Itabaiana (SE),0,0,Goleiro,,1
721,Dorival Arrivabene,1946-11-03,,Brasil,São Paulo (SP),0,0,Defensor (Lateral Direito),,1
722,Severino Fortunato da Silva,1946-02-12,,Brasil,Recife (PE),0,0,Atacante (Centroavante),,1
723,Jair da Costa,1940-07-09,Falecido - 2025-04-26 (84 anos),Brasil,Santo André (SP),173,67,Atacante (Ponta Direita),Destro,1
724,Jésum Gabriel,1953-12-25,,Brasil,Corinto (MG),165,66,Atacante (Ponta Esquerda),Canhoto,1
725,Elías Batista Arruda,1945-12-07,,Brasil,Caruaru (PE),0,0,Atacante,,1
726,João Carlos Rodrigues,1947-06-23,,Brasil,Santos (SP),0,0,Defensor (Lateral Direito) / Defensor (Zagueiro),Destro,1
727,Ivanir Santos Honorato,1953-11-30,,Brasil,Novo Hamburgo (RS),0,0,Atacante,Ambidestro,1
728,Otávio José Souto Pongeluppe,1951-12-06,,Brasil,São Paulo (SP),0,0,Defensor (Zagueiro),,1
729,Marco Antônio da Silva Vaz,1950-01-16,,Brasil,Rio de Janeiro (RJ),0,0,Atacante (Ponta Direita),,1
730,Lincoln Dias da Alves,1943-09-07,,Brasil,Sabará (MG),0,0,Meia,,1
731,Francisco George Pereira da Silva,1941-06-04,,Brasil,Trairi (CE),0,0,Goleiro,,1
732,Roberto Santos de Oliveira,1945-11-10,,Brasil,Salvador (BA),0,0,Defensor (Lateral Direito),,1
733,Orlando de Oliveira Filho,1949-11-15,,Brasil,Rio de Janeiro (RJ),0,0,Defensor (Lateral Esquerdo),,1
734,Israel Almeida Souza,1947-10-27,,Brasil,Ipiau (BA),0,0,Defensor (Zagueiro),,1
735,Sílvio Carlos Veloso Tavares,1953-01-12,,Brasil,São Gonçalo (RJ),0,0,Atacante,,1
736,Adílton de Souza Rodrigues,1952-02-13,Falecido - 2008-07-11 (56 anos),Brasil,Volta Redonda (RJ),0,0,Atacante,,1
737,Edmar Meurer Azevedo Marques,1946-06-20,,Brasil,Conceição do Formoso (MG),0,0,Defensor (Zagueiro),Destro,1
738,Evangelista Bispo dos Santos,1948-12-27,,Brasil,Itabaiana (SE),0,0,Meia,,1
739,Manoel Rezende de Matos Cabral,1950-07-26,,Brasil,Rio de Janeiro (RJ),180,80,Defensor (Lateral Direito),Destro,1
740,Wagner Caetano Acedo,1948-02-07,,Brasil,São Paulo (SP),0,0,Atacante (Centroavante),,1
741,Moacir Arquejos,1954-02-10,,Brasil,Uberlândia (MG),0,0,Atacante,,1
742,José Édson Cardoso da Mata,1944-11-21,,Brasil,Recife (PE),0,0,Defensor (Lateral Esquerdo),,1
743,Cláudio Norberto Deodato,1947-08-27,Falecido - 2011-09-11 (64 anos),Brasil,São Paulo,170,69,Defensor (Lateral Direito),Destro,1
744,Roberto Vágner Chinoca,1950-05-02,,Brasil,São Paulo,180,73,Defensor,,1
745,Norberto Costa,1953-06-06,,Brasil,Florianopolis (SC),0,0,Meia (Meia Direita) / Atacante (Ponta Direita),Destro,1
746,Luiz Fernando Calore,1949-08-12,,Brasil,Jundiaí (SP),0,0,Goleiro,,1
747,João de Oliveira Carvalho,1954-02-26,,Brasil,São Paulo (SP),0,0,Atacante (Ponta Direita),,1
748,Marco Antonio Cardelli,1948-06-23,,Brasil,Uberlândia (MG),0,0,Atacante (Ponta Direita),Destro,1
749,Celton António Nunes,1945-11-21,,Brasil,Belo Horizonte - Minas Gerais,0,0,Defensor (Zagueiro),Destro,1
750,Hermes,-,,Brasil,,0,0,Meia,,1
751,Pedro Basílio Filho,1951-03-02,Falecido - 2007-11-21 (56 anos),Brasil,Crateús (CE),0,0,Defensor (Zagueiro),,1
752,Delorme Martins de Lacerda,1944-06-28,,Brasil,Salvador (BA),0,0,Atacante,,1
753,Sérgio Gonçalves Lopes,1941-01-18,Falecido - 2024-08-05 (83 anos),Brasil,Osasco (SP),0,0,Meia (Meia Ofensivo),Destro,1
754,Carlos Alberto dos Santos Couto,1950-07-03,,Brasil,Rio de Janeiro (RJ),0,0,Atacante,,1
755,Paulo do Nascimento Ribeiro,1943-09-19,Falecido,Brasil,Rio de Janeiro (RJ),0,0,Defensor (Zagueiro),,1
756,Warlindo Carneiro da Silva Filho,1951-02-17,,Brasil,Campina Grande (PB),0,0,Goleiro,,1
757,Mário dos Santos Corso Júnior,1953-10-23,,Brasil,São Paulo (SP),0,0,Defensor,,1
758,Paulo Maurício Ferreira de Amorim,1950-11-05,,Brasil,Recife (PE),0,0,Meia,,1
759,Baltazar Germano de Aguiar,1950-12-05,,Brasil,,0,0,Meia (Volante),,1
760,Benivaldo Silva Feitosa,1951-09-27,,Brasil,Saúde (BA),0,0,Meia,,1
761,Jair Antônio Bragança dos Reis,1949-11-16,,Brasil,Rio de Janeiro (RJ),0,0,Goleiro,,1
762,Domingos dos Santos,1947-08-03,,Brasil,Santa Maria (RS),0,0,Defensor (Zagueiro),,1
763,José Rinaldo Tasso Lasalvia,1939-01-15,Falecido - 2013-05-03 (74 anos),Brasil,Olinda (PE),164,68,Atacante (Ponta Direita) / Meia (Meia Direita),Destro,1
764,Octávio Corrêa César Filho,1944-10-28,,Brasil,Rio de Janeiro (RJ),0,0,Goleiro,,1
765,Antenor Machado Filho,1952-05-26,,Brasil,Belo Horizonte (MG),0,0,Defensor (Lateral Direito) / Defensor (Lateral Esquerdo),Destro,1
766,Francisco Pereira de Melo,1949-04-10,,Brasil,Cabo de Santo Agostinho (PE),0,0,Atacante,,1
767,Gilvan Pereira da Silva,1953-03-26,,Brasil,Recife (PE),0,0,Atacante (Ponta Esquerda),Canhoto,1
768,José Carlos dos Santos Molinos,1945-12-01,,Brasil,Uruguaiana (RS),0,0,Goleiro,,1
769,Bernardino de Moraes,1942-10-06,,Brasil,Barra do Piraí (RJ),0,0,Atacante (Ponta Esquerda),,1
770,Levir Culpi,1953-02-28,,Brasil,Curitiba (PR),178,73,Defensor (Zagueiro),,1
771,Abel Carlos da Silva Braga,1952-09-01,,Brasil,Rio de Janeiro (RJ),187,83,Defensor (Zagueiro),Canhoto,1
772,Dimas Filgueiras Filho,1944-05-13,Falecido - 2023-12-22 (79 anos),Brasil,,0,0,Defensor,,1
773,Josenildo Domingos da Silva,1947-11-27,,Brasil,Recife (PE),0,0,Atacante,,1
774,Ronei Paulo Travi,1939-05-07,,Brasil,Canela (RS),0,0,Goleiro,,1
775,Álvaro Horácio Andrade de Carvalho,1950-03-17,,Brasil,Ubá (MG),0,0,Defensor (Lateral Direito),Destro,1
776,José Maria de Souza Neto,1953-01-31,,Brasil,Recife,0,0,Meia (Volante),,1
777,Manoel Fernando Jucá Neves,1944-03-12,,Brasil,Belém (PA),0,0,Atacante,,1
778,Pedronito Barbosa da Silva,1941-06-01,,Brasil,Olinda (PE),0,0,Goleiro,,1
779,Nélson Gonçalves Torres,1945-12-31,,Brasil,Pedro Leopoldo (MG),0,0,Defensor (Zagueiro),,1
780,Roberto Azevedo Newton,1948-08-07,,Brasil,Maceió (AL),0,0,Defensor (Lateral Direito),,1
781,José Marcílio Nocrato Soares,1948-12-01,,Brasil,Saboeiro (CE),0,0,Atacante,,1
782,Paulo Roberto Peralta,1941-12-08,,Brasil,Arroio dos Ratos (RS),0,0,Defensor (Zagueiro),,1
783,Adilson Rodrigues,1947-01-20,Falecido - 2020-04-30 (73 anos),Brasil,Campinas (SP),0,0,Atacante,,1
784,José Raimundo Dias do Sacramento,1944-08-30,,Brasil,Japaratuba (SE),0,0,Meia (Meia Esquerda) / Defensor (Lateral Esquerdo),Canhoto,1
785,Ademir da Silva,1947-05-09,Falecido - 2001-01-00 (53 anos),Brasil,Santos (SP),0,0,Atacante,,1
786,Nílton Santana Múrias,1950-07-17,,Brasil,Santos (SP),0,0,Defensor (Lateral Esquerdo),,1
787,Waldemiro de Abreu Lima,1949-02-21,Falecido - 2019-12-10 (70 anos),Brasil,Manaus (AM),0,0,Defensor (Zagueiro),,1
788,Dionisio Muniz Trajano,1947-10-09,,Brasil,Fortaleza (CE),0,0,Meia (Volante) / Atacante (Ponta Direita),,1
789,José Eduardo Rebelo de Souza,1951-07-26,,Brasil,,0,0,Atacante (Ponta Esquerda),,1
790,Marco Antônio,-,,Brasil,,0,0,Meia,,1
791,Cláudio Roberto Gomes,1951-04-04,Falecido - 2008-12-25 (57 anos),Brasil,Porto Alegre (RS),0,0,Defensor (Lateral Direito) / Defensor (Lateral Esquerdo),Ambidestro,1
792,Bolívar Modualdo Guedes,1954-12-21,,Brasil,Porto Alegre (RS),183,78,Defensor (Zagueiro) / Defensor (Lateral Esquerdo),,1
793,Luiz Alberto Oliveira Santos,1949-03-12,,Brasil,Feira de Santana (BA),0,0,Defensor (Lateral Direito),,1
794,Valdir Borck,1943-09-16,Falecido - 2004-04-09 (60 anos),Brasil,Brusque (SC),0,0,Defensor,,1
795,Altivo de Souza Filho,1948-04-26,,Brasil,Rio de Janeiro (RJ),0,0,Defensor (Zagueiro),,1
796,Ademir José Gonçalves,1946-11-19,Falecido,Brasil,Santa Bárbara do Oeste,0,0,Defensor (Zagueiro),Ambidestro,1
797,Vanderlei Emidio Ferreira,1950-02-28,,Brasil,Rio de Janeiro (RJ),0,0,Atacante (Ponta Esquerda) / Defensor (Lateral Esquerdo),Canhoto,1
798,Sidney Rodrigues da Costa,1955-09-27,,Brasil,Catalão (GO),0,0,Goleiro,,1
799,José das Graças Procópio da Silveira,1949-11-26,Falecido - 2024-10-13 (74 anos),Brasil,Eirunepé (AM),0,0,Goleiro,,1
800,Anselmo Orçay,1954-05-09,,Brasil,Rio de Janeiro (RJ),0,0,Atacante (Centroavante),,1
801,Miguel Vitorino de Andrade,1950-02-01,,Brasil,Vassouras (RJ),0,0,Goleiro,,1
